domain,set,src,txt,tp,q,a
fin,ai,index3.pdf,"Глобальный венчурный рынок в 2022 году составил 415 млрд $, показав падение на 33% относительно 2021 года. Сегмент искусственного интеллекта составляет 11% в 2022 году, причем доля от 8 до 12 % сохраняется уже 6 лет. Венчурный рынок ИИ упал в 2022 году на 31% и составил 45,8 млрд $. Количество сделок выросло на 4% по отношению к 2021 году и достигло 2 956. С 2015 года заметен растущий тренд с сильным выбросом в 2021 году, который может быть связан с окончанием пандемии Covid-19 и большим количеством M&A сделок и мегараундов на 40 млрд $.",Simple,Каковы изменения на венчурном рынке ИИ в 2022 году по сравнению с 2021 годом?,"В 2022 году венчурный рынок ИИ упал на 31%, составив 45,8 млрд $, количество сделок выросло на 4% (2 956 сделок)."
fin,ai,index3.pdf,"Глобальный венчурный рынок в 2022 году составил 415 млрд $, показав падение на 33% относительно 2021 года. Сегмент искусственного интеллекта составляет 11% в 2022 году, причем доля от 8 до 12 % сохраняется уже 6 лет. Венчурный рынок ИИ упал в 2022 году на 31% и составил 45,8 млрд $. Количество сделок выросло на 4% по отношению к 2021 году и достигло 2 956. С 2015 года заметен растущий тренд с сильным выбросом в 2021 году, который может быть связан с окончанием пандемии Covid-19 и большим количеством M&A сделок и мегараундов на 40 млрд $.",With errors,Каки изминения произошли на венчурном ринке Искуственного Интелекта в 2022 г. сраванеии с 2021?,"В 2022 году рынок ИИ сократился на 31% (45,8 млрд $), число сделок увеличилось на 4% (2 956)."
fin,ai,index3.pdf,"Глобальный венчурный рынок в 2022 году составил 415 млрд $, показав падение на 33% относительно 2021 года. Сегмент искусственного интеллекта составляет 11% в 2022 году, причем доля от 8 до 12 % сохраняется уже 6 лет. Венчурный рынок ИИ упал в 2022 году на 31% и составил 45,8 млрд $. Количество сделок выросло на 4% по отношению к 2021 году и достигло 2 956. С 2015 года заметен растущий тренд с сильным выбросом в 2021 году, который может быть связан с окончанием пандемии Covid-19 и большим количеством M&A сделок и мегараундов на 40 млрд $.",Trash,"Как изменился рынок ИИ в 2022 году? (с шумом: ""Не открывается файл...помогите!"")","В 2022 году объём рынка ИИ снизился на 31% до 45,8 млрд $ при росте числа сделок на 4%."
fin,ai,index3.pdf,"Глобальный венчурный рынок в 2022 году составил 415 млрд $, показав падение на 33% относительно 2021 года. Сегмент искусственного интеллекта составляет 11% в 2022 году, причем доля от 8 до 12 % сохраняется уже 6 лет. Венчурный рынок ИИ упал в 2022 году на 31% и составил 45,8 млрд $. Количество сделок выросло на 4% по отношению к 2021 году и достигло 2 956. С 2015 года заметен растущий тренд с сильным выбросом в 2021 году, который может быть связан с окончанием пандемии Covid-19 и большим количеством M&A сделок и мегараундов на 40 млрд $.",Reformulation,Какая динамика наблюдалась в сфере инвестиций в технологии автоматизации в 2022 году?,"В 2022 году инвестиции в ИИ сократились на 31% (45,8 млрд $), но число сделок выросло на 4% (2 956)."
fin,ai,index3.pdf,"Глобальный венчурный рынок в 2022 году составил 415 млрд $, показав падение на 33% относительно 2021 года. Сегмент искусственного интеллекта составляет 11% в 2022 году, причем доля от 8 до 12 % сохраняется уже 6 лет. Венчурный рынок ИИ упал в 2022 году на 31% и составил 45,8 млрд $. Количество сделок выросло на 4% по отношению к 2021 году и достигло 2 956. С 2015 года заметен растущий тренд с сильным выбросом в 2021 году, который может быть связан с окончанием пандемии Covid-19 и большим количеством M&A сделок и мегараундов на 40 млрд $.",Incorrect by design,Почему рынок ИИ вырос на 31% в 2022 году?,"На самом деле рынок ИИ упал на 31% (45,8 млрд $), рост на 4% был только по количеству сделок (2 956)."
fin,ai,index3.pdf,"В России университеты принимают студентов на бюджетные места (оплачиваемые государством) и внебюджетные места (за образование платит студент). В 2022 году количество внебюджетных мест (на специальностях «Математика», «Информационная безопасность» и «Информатика и вычислительная техника») сократилось на 1008 мест, при этом платных мест увеличилось на 865.",Simple,"На сколько сократилось количество внебюджетных мест в 2022 году на специальностях, связанных с IT и математикой?","В 2022 году количество внебюджетных мест на специальностях «Математика», «Информационная безопасность» и «Информатика и вычислительная техника» сократилось на 1008 мест."
fin,ai,index3.pdf,"В России университеты принимают студентов на бюджетные места (оплачиваемые государством) и внебюджетные места (за образование платит студент). В 2022 году количество внебюджетных мест (на специальностях «Математика», «Информационная безопасность» и «Информатика и вычислительная техника») сократилось на 1008 мест, при этом платных мест увеличилось на 865.",With errors,На сколко уменишилос внебюджентных мест в 2022 году в университетах Росии на IT напрвлениях и математеке?,"В 2022 году количество внебюджетных мест на специальностях «Математика», «Информационная безопасность» и «Информатика и вычислительная техника» сократилось на 1008 мест."
fin,ai,index3.pdf,"В России университеты принимают студентов на бюджетные места (оплачиваемые государством) и внебюджетные места (за образование платит студент). В 2022 году количество внебюджетных мест (на специальностях «Математика», «Информационная безопасность» и «Информатика и вычислительная техника») сократилось на 1008 мест, при этом платных мест увеличилось на 865.",Trash,"Привет! У меня проблема с загрузкой файлов, но я хочу спросить: сколько платных мест стало меньше в 2022 году на IT-специальностях? Спасибо!","В 2022 году на специальностях «Математика», «Информационная безопасность» и «Информатика и вычислительная техника» количество внебюджетных мест сократилось на 1008."
fin,ai,index3.pdf,"В России университеты принимают студентов на бюджетные места (оплачиваемые государством) и внебюджетные места (за образование платит студент). В 2022 году количество внебюджетных мест (на специальностях «Математика», «Информационная безопасность» и «Информатика и вычислительная техника») сократилось на 1008 мест, при этом платных мест увеличилось на 865.",Reformulation,Как изменилось соотношение государственных и частных мест в российских вузах в 2022 году на технических направлениях?,"В 2022 году на специальностях «Математика», «Информационная безопасность» и «Информатика и вычислительная техника» количество внебюджетных мест сократилось на 1008, а общее число платных мест выросло на 865."
fin,ai,index3.pdf,"В России университеты принимают студентов на бюджетные места (оплачиваемые государством) и внебюджетные места (за образование платит студент). В 2022 году количество внебюджетных мест (на специальностях «Математика», «Информационная безопасность» и «Информатика и вычислительная техника») сократилось на 1008 мест, при этом платных мест увеличилось на 865.",Incorrect by design,Почему в 2022 году уменьшилось количество бюджетных мест на IT-специальностях в России?,"Фактическая ошибка: сократились не бюджетные, а внебюджетные места. В 2022 году на специальностях «Математика», «Информационная безопасность» и «Информатика и вычислительная техника» количество внебюджетных мест уменьшилось на 1008."
fin,ai,report3.pdf,"Возросший спрос на графические процессоры обеспечил NVIDIA рыночной капитализацией в 1 трлн долл. США, а их чипы используются в исследованиях в сфере ИИ в 19 раз чаще, чем все альтернативы вместе взятые. Самым популярным из них стал V100, выпущенный в 2017 году, что показывает значительный срок службы разработок компании. «Войны чипов» также вынуждают отрасль адаптироваться к новым условиям: NVIDIA, Intel и AMD стремятся создать специальные, совместимые с санкциями чипы для своих китайских клиентов.",Simple,Какую рыночную капитализацию обеспечил NVIDIA возросший спрос на графические процессоры?,Рыночная капитализация NVIDIA достигла 1 трлн долл. США.
fin,ai,report3.pdf,"Возросший спрос на графические процессоры обеспечил NVIDIA рыночной капитализацией в 1 трлн долл. США, а их чипы используются в исследованиях в сфере ИИ в 19 раз чаще, чем все альтернативы вместе взятые. Самым популярным из них стал V100, выпущенный в 2017 году, что показывает значительный срок службы разработок компании. «Войны чипов» также вынуждают отрасль адаптироваться к новым условиям: NVIDIA, Intel и AMD стремятся создать специальные, совместимые с санкциями чипы для своих китайских клиентов.",With errors,Капитализация NVIDIA достигла 1 трлн долл. США из-за спроса на графическии процэссоры?,Рыночная капитализация NVIDIA достигла 1 трлн долл. США.
fin,ai,report3.pdf,"Возросший спрос на графические процессоры обеспечил NVIDIA рыночной капитализацией в 1 трлн долл. США, а их чипы используются в исследованиях в сфере ИИ в 19 раз чаще, чем все альтернативы вместе взятые. Самым популярным из них стал V100, выпущенный в 2017 году, что показывает значительный срок службы разработок компании. «Войны чипов» также вынуждают отрасль адаптироваться к новым условиям: NVIDIA, Intel и AMD стремятся создать специальные, совместимые с санкциями чипы для своих китайских клиентов.",Trash,"Привет, у меня сломался ноутбук. Кстати, в тексте говорится, что чипы NVIDIA используются в ИИ-исследованиях чаще других. Во сколько раз?","Чипы NVIDIA используются в исследованиях в сфере ИИ в 19 раз чаще, чем все альтернативы вместе взятые."
fin,ai,report3.pdf,"Возросший спрос на графические процессоры обеспечил NVIDIA рыночной капитализацией в 1 трлн долл. США, а их чипы используются в исследованиях в сфере ИИ в 19 раз чаще, чем все альтернативы вместе взятые. Самым популярным из них стал V100, выпущенный в 2017 году, что показывает значительный срок службы разработок компании. «Войны чипов» также вынуждают отрасль адаптироваться к новым условиям: NVIDIA, Intel и AMD стремятся создать специальные, совместимые с санкциями чипы для своих китайских клиентов.",Reformulation,"Какая компания доминирует в производстве аппаратного обеспечения для искусственного интеллекта, сохраняя актуальность своих моделей годами?","NVIDIA: их чип V100, выпущенный в 2017 году, остается популярным, демонстрируя длительный срок службы разработок."
fin,ai,report3.pdf,"Возросший спрос на графические процессоры обеспечил NVIDIA рыночной капитализацией в 1 трлн долл. США, а их чипы используются в исследованиях в сфере ИИ в 19 раз чаще, чем все альтернативы вместе взятые. Самым популярным из них стал V100, выпущенный в 2017 году, что показывает значительный срок службы разработок компании. «Войны чипов» также вынуждают отрасль адаптироваться к новым условиям: NVIDIA, Intel и AMD стремятся создать специальные, совместимые с санкциями чипы для своих китайских клиентов.",Incorrect by design,"Почему V100 от NVIDIA, выпущенный в 2020 году, стал самым популярным чипом для ИИ?","Коррекция: V100 выпущен в 2017 году, а не в 2020. Ответ: Самый популярный чип V100 был выпущен в 2017 году, что подчеркивает длительный срок службы продуктов NVIDIA."
fin,ai,investments3.pdf,"Более половины мировых венчурных DeepTech-инвестиций приходится на компании из США, еще 11% – на
Китай. Среди европейских стран лидируют Великобритания, Франция и Германия. В Израиле, Швеции и
Швейцарии на DeepTech приходится более трети от общего объема венчурных инвестиций.",Simple,Какие страны лидируют по объему венчурных DeepTech-инвестиций в мире и Европе?,"На мировом уровне — США (более половины инвестиций) и Китай (11%). В Европе — Великобритания, Франция и Германия."
fin,ai,investments3.pdf,"Более половины мировых венчурных DeepTech-инвестиций приходится на компании из США, еще 11% – на
Китай. Среди европейских стран лидируют Великобритания, Франция и Германия. В Израиле, Швеции и
Швейцарии на DeepTech приходится более трети от общего объема венчурных инвестиций.",With errors,Каки страны лидирую по обьему венчурных DeepTech-инвестицы в мире и европе?,"На мировом уровне — США (больше половины) и Китай (11%). В Европе — Великобритания, Франция и Германия."
fin,ai,investments3.pdf,"Более половины мировых венчурных DeepTech-инвестиций приходится на компании из США, еще 11% – на
Китай. Среди европейских стран лидируют Великобритания, Франция и Германия. В Израиле, Швеции и
Швейцарии на DeepTech приходится более трети от общего объема венчурных инвестиций.",Trash,"Здравствуйте! У меня проблема с подключением к интернету, но пока жду, может, знаете... Кстати, в каких странах треть инвестиций в DeepTech?","В Израиле, Швеции и Швейцарии более трети общего объема венчурных инвестиций приходится на DeepTech."
fin,ai,investments3.pdf,"Более половины мировых венчурных DeepTech-инвестиций приходится на компании из США, еще 11% – на
Китай. Среди европейских стран лидируют Великобритания, Франция и Германия. В Израиле, Швеции и
Швейцарии на DeepTech приходится более трети от общего объема венчурных инвестиций.",Reformulation,В каких государствах наибольшая доля венчурного финансирования направлена в высокотехнологичные стартапы?,"Наибольшая доля — в Израиле, Швеции и Швейцарии (свыше трети от общего объема)."
fin,ai,investments3.pdf,"Более половины мировых венчурных DeepTech-инвестиций приходится на компании из США, еще 11% – на
Китай. Среди европейских стран лидируют Великобритания, Франция и Германия. В Израиле, Швеции и
Швейцарии на DeepTech приходится более трети от общего объема венчурных инвестиций.",Incorrect by design,Почему Германия считается абсолютным лидером по DeepTech-инвестициям в Европе?,"Германия — один из лидеров в Европе, но делит позиции с Великобританией и Францией. Согласно контексту, эти три страны лидируют в европейском регионе."
fin,ai,trends3.pdf,"Компьютерное зрение (CV)
Область технологий, объединяющая решения для распознавания
объектов реального мира. Решения на основе компьютерного
зрения встречаются повсеместно – к ним относится распознавание
лиц камерой смартфона, сканирование штрихкодов в магазинах,
распознавание номеров машин камерами на дорогах,
видеоаналитика на производстве; кроме того, технологии
компьютерного зрения используются для улучшения качества
фотографий. Согласно опросу СТО, проведенному
«Яков и Партнёры», технологию используют почти 70%
опрошенных крупных российских компаний, преимущественно
в отраслях машиностроения, ГМК и логистики.",Simple,"Что такое компьютерное зрение, где оно применяется и в каких отраслях России его активно используют?","Компьютерное зрение (CV) — область технологий для распознавания объектов реального мира. Примеры применения: распознавание лиц, сканирование штрихкодов, видеоаналитика, улучшение фото. Согласно опросу «Яков и Партнёры», 70% крупных российских компаний в машиностроении, ГМК и логистике используют CV."
fin,ai,trends3.pdf,"Компьютерное зрение (CV)
Область технологий, объединяющая решения для распознавания
объектов реального мира. Решения на основе компьютерного
зрения встречаются повсеместно – к ним относится распознавание
лиц камерой смартфона, сканирование штрихкодов в магазинах,
распознавание номеров машин камерами на дорогах,
видеоаналитика на производстве; кроме того, технологии
компьютерного зрения используются для улучшения качества
фотографий. Согласно опросу СТО, проведенному
«Яков и Партнёры», технологию используют почти 70%
опрошенных крупных российских компаний, преимущественно
в отраслях машиностроения, ГМК и логистики.",With errors,"Чо такое компютерное зрени и где ано приминяется, а еще в каких отрослях у нас в России?","Компьютерное зрение (CV) — технологии распознавания объектов. Примеры: распознавание лиц, штрихкодов, номеров машин. В России 70% крупных компаний в машиностроении, ГМК и логистике используют CV."
fin,ai,trends3.pdf,"Компьютерное зрение (CV)
Область технологий, объединяющая решения для распознавания
объектов реального мира. Решения на основе компьютерного
зрения встречаются повсеместно – к ним относится распознавание
лиц камерой смартфона, сканирование штрихкодов в магазинах,
распознавание номеров машин камерами на дорогах,
видеоаналитика на производстве; кроме того, технологии
компьютерного зрения используются для улучшения качества
фотографий. Согласно опросу СТО, проведенному
«Яков и Партнёры», технологию используют почти 70%
опрошенных крупных российских компаний, преимущественно
в отраслях машиностроения, ГМК и логистики.",Trash,"Привет! У меня глючит камера на телефоне, не фокусируется... Кстати, что за CV-технологии и где их используют в России?","CV (компьютерное зрение) — технологии распознавания объектов (лица, штрихкоды, номера машин и др.). В России их применяют 70% крупных компаний, особенно в машиностроении, ГМК и логистике."
fin,ai,trends3.pdf,"Компьютерное зрение (CV)
Область технологий, объединяющая решения для распознавания
объектов реального мира. Решения на основе компьютерного
зрения встречаются повсеместно – к ним относится распознавание
лиц камерой смартфона, сканирование штрихкодов в магазинах,
распознавание номеров машин камерами на дорогах,
видеоаналитика на производстве; кроме того, технологии
компьютерного зрения используются для улучшения качества
фотографий. Согласно опросу СТО, проведенному
«Яков и Партнёры», технологию используют почти 70%
опрошенных крупных российских компаний, преимущественно
в отраслях машиностроения, ГМК и логистики.",Reformulation,Какие системы анализируют визуальные данные и в каких сферах они наиболее востребованы в РФ?,"Системы компьютерного зрения анализируют визуальные данные для распознавания объектов. В России они наиболее востребованы в машиностроении, ГМК и логистике (70% крупных компаний по опросу)."
fin,ai,trends3.pdf,"Компьютерное зрение (CV)
Область технологий, объединяющая решения для распознавания
объектов реального мира. Решения на основе компьютерного
зрения встречаются повсеместно – к ним относится распознавание
лиц камерой смартфона, сканирование штрихкодов в магазинах,
распознавание номеров машин камерами на дорогах,
видеоаналитика на производстве; кроме того, технологии
компьютерного зрения используются для улучшения качества
фотографий. Согласно опросу СТО, проведенному
«Яков и Партнёры», технологию используют почти 70%
опрошенных крупных российских компаний, преимущественно
в отраслях машиностроения, ГМК и логистики.",Incorrect by design,Почему компьютерное зрение чаще всего используют в розничной торговле согласно исследованию?,"Согласно опросу, CV чаще применяют в машиностроении, ГМК и логистике (70% компаний), а не в розничной торговле. Примеры использования в торговле — сканирование штрихкодов, но это не основная отрасль."
fin,ai,trends3.pdf,"Большие языковые модели (LLM) применяются для генерации, суммаризации (краткого изложения содержания) или изменения текста – примером таких моделей являются GPT-4 (OpenAI), Llama 2 (Meta), YandexGPT (Яндекс), GigaChat (СБЕР). Спектр задач, для которых могут применяться модели, очень широк, и на сегодняшний день до конца не известны все возможные сценарии использования; наиболее очевидное применение данных моделей на текущий момент – повышение продуктивности сотрудников за счет выполнения их рутинных задач моделью. Согласно данным опроса СТО, проведенного «Яков и Партнёры», 20% компаний-респондентов уже используют генеративный искусственный интеллект для своих задач в различных бизнес-функциях. Все они пользуются решениями от OpenAI (GPT-4, GPT-3.5), а более 90% применяют российские модели – в частности, YandexGPT для задач по работе с текстами и Kandinsky для работы с изображениями.",Simple,"Какой процент компаний, по данным опроса СТО, уже использует генеративный искусственный интеллект?",20% компаний-респондентов.
fin,ai,trends3.pdf,"Большие языковые модели (LLM) применяются для генерации, суммаризации (краткого изложения содержания) или изменения текста – примером таких моделей являются GPT-4 (OpenAI), Llama 2 (Meta), YandexGPT (Яндекс), GigaChat (СБЕР). Спектр задач, для которых могут применяться модели, очень широк, и на сегодняшний день до конца не известны все возможные сценарии использования; наиболее очевидное применение данных моделей на текущий момент – повышение продуктивности сотрудников за счет выполнения их рутинных задач моделью. Согласно данным опроса СТО, проведенного «Яков и Партнёры», 20% компаний-респондентов уже используют генеративный искусственный интеллект для своих задач в различных бизнес-функциях. Все они пользуются решениями от OpenAI (GPT-4, GPT-3.5), а более 90% применяют российские модели – в частности, YandexGPT для задач по работе с текстами и Kandinsky для работы с изображениями.",With errors,Скко процнтов кампаний уже испозуют генертивный искуственный интеллект для своих задач? (орфографические и грамматические ошибки),20% компаний-респондентов.
fin,ai,trends3.pdf,"Большие языковые модели (LLM) применяются для генерации, суммаризации (краткого изложения содержания) или изменения текста – примером таких моделей являются GPT-4 (OpenAI), Llama 2 (Meta), YandexGPT (Яндекс), GigaChat (СБЕР). Спектр задач, для которых могут применяться модели, очень широк, и на сегодняшний день до конца не известны все возможные сценарии использования; наиболее очевидное применение данных моделей на текущий момент – повышение продуктивности сотрудников за счет выполнения их рутинных задач моделью. Согласно данным опроса СТО, проведенного «Яков и Партнёры», 20% компаний-респондентов уже используют генеративный искусственный интеллект для своих задач в различных бизнес-функциях. Все они пользуются решениями от OpenAI (GPT-4, GPT-3.5), а более 90% применяют российские модели – в частности, YandexGPT для задач по работе с текстами и Kandinsky для работы с изображениями.",Trash,"У меня не работает GPT-4, постоянно выдает ошибку 404. Кстати, а сколько фирм по опросу внедрили генеративный ИИ в свои процессы?",20% компаний-респондентов.
fin,ai,trends3.pdf,"Большие языковые модели (LLM) применяются для генерации, суммаризации (краткого изложения содержания) или изменения текста – примером таких моделей являются GPT-4 (OpenAI), Llama 2 (Meta), YandexGPT (Яндекс), GigaChat (СБЕР). Спектр задач, для которых могут применяться модели, очень широк, и на сегодняшний день до конца не известны все возможные сценарии использования; наиболее очевидное применение данных моделей на текущий момент – повышение продуктивности сотрудников за счет выполнения их рутинных задач моделью. Согласно данным опроса СТО, проведенного «Яков и Партнёры», 20% компаний-респондентов уже используют генеративный искусственный интеллект для своих задач в различных бизнес-функциях. Все они пользуются решениями от OpenAI (GPT-4, GPT-3.5), а более 90% применяют российские модели – в частности, YandexGPT для задач по работе с текстами и Kandinsky для работы с изображениями.",Reformulation,"Какую долю организаций, согласно исследованию, занимает внедрение технологий автоматической генерации контента в бизнес-функции?",20% компаний-респондентов.
fin,ai,trends3.pdf,"Большие языковые модели (LLM) применяются для генерации, суммаризации (краткого изложения содержания) или изменения текста – примером таких моделей являются GPT-4 (OpenAI), Llama 2 (Meta), YandexGPT (Яндекс), GigaChat (СБЕР). Спектр задач, для которых могут применяться модели, очень широк, и на сегодняшний день до конца не известны все возможные сценарии использования; наиболее очевидное применение данных моделей на текущий момент – повышение продуктивности сотрудников за счет выполнения их рутинных задач моделью. Согласно данным опроса СТО, проведенного «Яков и Партнёры», 20% компаний-респондентов уже используют генеративный искусственный интеллект для своих задач в различных бизнес-функциях. Все они пользуются решениями от OpenAI (GPT-4, GPT-3.5), а более 90% применяют российские модели – в частности, YandexGPT для задач по работе с текстами и Kandinsky для работы с изображениями.",Incorrect by design,Почему большинство компаний используют Kandinsky для работы с текстами?,"Некорректное утверждение. Kandinsky применяется для работы с изображениями, а YandexGPT – для текстов. Согласно контексту, более 90% компаний используют YandexGPT для текстовых задач."
fin,ai,strategy3.pdf,"В настоящий момент Совет ЕС продолжает работу над Конвенцией об ИИ, правах человека, демократии и верховенстве закона 29, первый проект которой был опубликован Комитетом Совета ЕС по ИИ (Committee on Artificial Intelligence, CAI) в январе 2023 года. Конвенция призвана усилить взаимодействие между участниками Совета Европы в части продвижения основных общеевропейских принципов, а также соблюдения данных принципов на протяжении всего жизненного цикла систем ИИ. Положения Конвенции применимы как к частному, так и к публичному сектору (включая государственные органы и органы правосудия, а также организации, действующие от их имени), вместе с тем из-под их действия исключаются разработка и использование ИИ в целях национальной обороны. Документ будет проходить необходимые согласования в течение 2023 года, планируется, что проект будет финализирован к середине ноября 2023 года.",Simple,Когда был опубликован первый проект Конвенции об ИИ?,Первый проект Конвенции был опубликован в январе 2023 года.
fin,ai,strategy3.pdf,"В настоящий момент Совет ЕС продолжает работу над Конвенцией об ИИ, правах человека, демократии и верховенстве закона 29, первый проект которой был опубликован Комитетом Совета ЕС по ИИ (Committee on Artificial Intelligence, CAI) в январе 2023 года. Конвенция призвана усилить взаимодействие между участниками Совета Европы в части продвижения основных общеевропейских принципов, а также соблюдения данных принципов на протяжении всего жизненного цикла систем ИИ. Положения Конвенции применимы как к частному, так и к публичному сектору (включая государственные органы и органы правосудия, а также организации, действующие от их имени), вместе с тем из-под их действия исключаются разработка и использование ИИ в целях национальной обороны. Документ будет проходить необходимые согласования в течение 2023 года, планируется, что проект будет финализирован к середине ноября 2023 года.",With errors,Когд был опубикван перавый праект Конвенцыи об ИЙ? (орфографические и грамматические ошибки),Первый проект Конвенции был опубликован в январе 2023 года.
fin,ai,strategy3.pdf,"В настоящий момент Совет ЕС продолжает работу над Конвенцией об ИИ, правах человека, демократии и верховенстве закона 29, первый проект которой был опубликован Комитетом Совета ЕС по ИИ (Committee on Artificial Intelligence, CAI) в январе 2023 года. Конвенция призвана усилить взаимодействие между участниками Совета Европы в части продвижения основных общеевропейских принципов, а также соблюдения данных принципов на протяжении всего жизненного цикла систем ИИ. Положения Конвенции применимы как к частному, так и к публичному сектору (включая государственные органы и органы правосудия, а также организации, действующие от их имени), вместе с тем из-под их действия исключаются разработка и использование ИИ в целях национальной обороны. Документ будет проходить необходимые согласования в течение 2023 года, планируется, что проект будет финализирован к середине ноября 2023 года.",Trash,"У меня не открывается документ на сайте CAI. Кстати, к каким секторам применяются положения Конвенции? (технический шум и основная суть)","Положения Конвенции применимы к частному и публичному сектору, включая госорганы, органы правосудия и организации, действующие от их имени."
fin,ai,strategy3.pdf,"В настоящий момент Совет ЕС продолжает работу над Конвенцией об ИИ, правах человека, демократии и верховенстве закона 29, первый проект которой был опубликован Комитетом Совета ЕС по ИИ (Committee on Artificial Intelligence, CAI) в январе 2023 года. Конвенция призвана усилить взаимодействие между участниками Совета Европы в части продвижения основных общеевропейских принципов, а также соблюдения данных принципов на протяжении всего жизненного цикла систем ИИ. Положения Конвенции применимы как к частному, так и к публичному сектору (включая государственные органы и органы правосудия, а также организации, действующие от их имени), вместе с тем из-под их действия исключаются разработка и использование ИИ в целях национальной обороны. Документ будет проходить необходимые согласования в течение 2023 года, планируется, что проект будет финализирован к середине ноября 2023 года.",Reformulation,"На какие области деятельности не распространяются нормы Конвенции, согласно её тексту?",Нормы Конвенции не распространяются на разработку и использование ИИ в целях национальной обороны.
fin,ai,strategy3.pdf,"В настоящий момент Совет ЕС продолжает работу над Конвенцией об ИИ, правах человека, демократии и верховенстве закона 29, первый проект которой был опубликован Комитетом Совета ЕС по ИИ (Committee on Artificial Intelligence, CAI) в январе 2023 года. Конвенция призвана усилить взаимодействие между участниками Совета Европы в части продвижения основных общеевропейских принципов, а также соблюдения данных принципов на протяжении всего жизненного цикла систем ИИ. Положения Конвенции применимы как к частному, так и к публичному сектору (включая государственные органы и органы правосудия, а также организации, действующие от их имени), вместе с тем из-под их действия исключаются разработка и использование ИИ в целях национальной обороны. Документ будет проходить необходимые согласования в течение 2023 года, планируется, что проект будет финализирован к середине ноября 2023 года.",Incorrect by design,Почему Конвенция об ИИ включает регулирование военных систем искусственного интеллекта?,"Некорректное утверждение. Конвенция исключает из-под своего действия разработку и использование ИИ для национальной обороны. Она регулирует только частный и публичный сектор, кроме военных применений."
fin,ai,trends3.pdf,"Наиболее интересные юз-кейсы: доля компаний (в %),
спонтанно отметивших юз-кейс в качестве приоритетного
Подсказки в реальном
времени для внутренних
специалистов1
13/15
Проверка документов
на соответствие
стандартам
9/15
Генерация тренингов
на основе внутренних
и внешних материалов
7/15
Диалоговый ассистент
в клиентской поддержке
(front-end)
4/15
Copilot: помощь
в создании кода (включая
сбор и разметку данных)
4/15",Table,Какой юз-кейс компании чаще всего спонтанно отмечают как приоритетный?,Подсказки в реальном времени для внутренних специалистов (13/15 компаний).
fin,ai,trends3.pdf,"Наиболее интересные юз-кейсы: доля компаний (в %),
спонтанно отметивших юз-кейс в качестве приоритетного
Подсказки в реальном
времени для внутренних
специалистов1
13/15
Проверка документов
на соответствие
стандартам
9/15
Генерация тренингов
на основе внутренних
и внешних материалов
7/15
Диалоговый ассистент
в клиентской поддержке
(front-end)
4/15
Copilot: помощь
в создании кода (включая
сбор и разметку данных)
4/15",Table,Сколько компаний выделили проверку документов на соответствие стандартам в качестве важного юз-кейса?, 9 из 15 компаний.
fin,ai,index3.pdf,"Государственное финансирование развития ИИ в РФ по годам, млн ₽ 1 109
3 410,6
2 580,6
4 711
7 100
2018 2019 2020 2021 2022",Table,В каком году объём государственного финансирования развития ИИ в РФ достиг максимума?,2021 год (711 млн ₽).
fin,ai,index3.pdf,"Государственное финансирование развития ИИ в РФ по годам, млн ₽ 1 109
3 410,6
2 580,6
4 711
7 100
2018 2019 2020 2021 2022",Table,Какое финансирование развития ИИ было выделено в 2020 году?,"410,6 млн ₽."
fin,ai,investments3.pdf,"Название компании Страна Направление Объем
инвестиций
Перечень
инвесторов
SpaceX
Аэрокосмическая
компания,
разрабатывает ракеты
и спутники
США SpaceTech $2,2
млрд
(3 раунда)
Mirae Asset
Capital,
Vika Ventures
Anduril
Военно-технический
стартап,
разрабатывает БПЛА,
автономные ТС и ИИсистемы
США Новая
мобильность /
Новаторский
ИИ
$1,5
млрд
Lightspeed Venture
Partners, General
Catalyst Partners,
Andreessen Horowit
и др.
Cruise
Производитель
автономных
автомобилей
США Новая
мобильность
$1,4
млрд
Softbank Capital
Northvolt
Производитель литийионных аккумуляторов
Швеция EnergyTech $1,1
млрд
TM Capital,
Volkswagen Group,
Compagnia di San
Paolo и др.
TerraPower
Разработки в области
атомной энергетики
США EnergyTech $0,83
млрд
(2 раунда)
Bill Gates, SK
Group,
ArcelorMittal",Table,Какая компания из США в области SpaceTech привлекла наибольший объем инвестиций?,"SpaceX ($2,2 млрд)."
fin,ai,investments3.pdf,"Название компании Страна Направление Объем
инвестиций
Перечень
инвесторов
SpaceX
Аэрокосмическая
компания,
разрабатывает ракеты
и спутники
США SpaceTech $2,2
млрд
(3 раунда)
Mirae Asset
Capital,
Vika Ventures
Anduril
Военно-технический
стартап,
разрабатывает БПЛА,
автономные ТС и ИИсистемы
США Новая
мобильность /
Новаторский
ИИ
$1,5
млрд
Lightspeed Venture
Partners, General
Catalyst Partners,
Andreessen Horowit
и др.
Cruise
Производитель
автономных
автомобилей
США Новая
мобильность
$1,4
млрд
Softbank Capital
Northvolt
Производитель литийионных аккумуляторов
Швеция EnergyTech $1,1
млрд
TM Capital,
Volkswagen Group,
Compagnia di San
Paolo и др.
TerraPower
Разработки в области
атомной энергетики
США EnergyTech $0,83
млрд
(2 раунда)
Bill Gates, SK
Group,
ArcelorMittal",Table,Сколько раундов инвестирования провела компания TerraPower?,2 раунда.
fin,ai,investments3.pdf,"Название компании Страна Направление Объем
инвестиций
Перечень
инвесторов
SpaceX
Аэрокосмическая
компания,
разрабатывает ракеты
и спутники
США SpaceTech $2,2
млрд
(3 раунда)
Mirae Asset
Capital,
Vika Ventures
Anduril
Военно-технический
стартап,
разрабатывает БПЛА,
автономные ТС и ИИсистемы
США Новая
мобильность /
Новаторский
ИИ
$1,5
млрд
Lightspeed Venture
Partners, General
Catalyst Partners,
Andreessen Horowit
и др.
Cruise
Производитель
автономных
автомобилей
США Новая
мобильность
$1,4
млрд
Softbank Capital
Northvolt
Производитель литийионных аккумуляторов
Швеция EnergyTech $1,1
млрд
TM Capital,
Volkswagen Group,
Compagnia di San
Paolo и др.
TerraPower
Разработки в области
атомной энергетики
США EnergyTech $0,83
млрд
(2 раунда)
Bill Gates, SK
Group,
ArcelorMittal",Table,Назовите инвесторов военно-технического стартапа Anduril.,"Lightspeed Venture Partners, General Catalyst Partners, Andreessen Horowitz и другие."
fin,ai,index3.pdf,Нет в документе,No info,Какие планы по развитию искусственного интеллекта в России на 2024 год?,Информация о планах развития ИИ в России на 2024 год отсутствует в документе.
fin,ai,index3.pdf,"Страницы 9, 25, 29 (динамика публикаций, инвестиции, госфинансирование)",Multi block,"Как изменились научные публикации, венчурные инвестиции и господдержка ИИ в России с 2018 по 2022 гг.?","- Публикации в журналах: рост до 2021 г., затем падение в 2022 г.
- Инвестиции: рост до 2021 г., падение на 78% в 2022 г.
- Госфинансирование: увеличение в 3 раза за 2 года (с 2021 г.)."
fin,ai,index3.pdf,"Страницы 34–36 (динамика приёма абитуриентов, бюджетные места, выпускники)",Logical thinking,Почему в 2022 году сокращение бюджетных мест могло привести к снижению числа квалифицированных выпускников в области ИИ?,"В 2022 г. впервые за 8 лет сократились бюджетные места по ИИ-специальностям, а выпускники с навыками ML/DL составляли лишь ~3,4 тыс. человек. Это указывает на связь между доступностью образования и кадровым голодом."
fin,ai,index3.pdf,"Страница 12 (рейтинг стран), страница 17 (рынок ИИ в России)",Double,Какая страна лидирует по публикациям на конференциях ИИ в 2022 году и какой объём рынка ИИ в России?,"1. Китай лидирует по публикациям на конференциях.
2. Объём рынка ИИ в России в 2022 году составил ~650 млрд ₽."
fin,ai,index3.pdf,Нет в документе,No info,Какие конкретные проекты в области ИИ были реализованы Центром компетенций НТИ в 2023 году?,Информация о проектах Центра компетенций НТИ в 2023 году отсутствует в документе.
fin,ai,index3.pdf,"Страницы 17 (рынок ИИ), 29 (госфинансирование), 39 (факторы роста бизнеса)",Multi block,Как рост госфинансирования и увеличение выручки компаний повлияли на рынок ИИ в России в 2022 году?,"- Госфинансирование выросло в 3 раза, что поддержало развитие инфраструктуры.
- Рост выручки компаний (например, Яндекс) обеспечил ресурсы для R&D.
- Рынок ИИ вырос на 17% (до 650 млрд ₽) вопреки падению ВВП."
fin,ai,index3.pdf,"Страницы 25–26 (падение инвестиций), 39 (негативные факторы)",Logical thinking,Почему снижение венчурных инвестиций в 2022 году может замедлить развитие стартапов в области ИИ?,Падение инвестиций на 78% сократило доступ к финансированию для стартапов. В сочетании с санкциями и оттоком кадров это создаёт барьеры для разработки и масштабирования инновационных решений.
fin,ai,index3.pdf,"Страница 10 (публикации в журналах), страница 24 (единороги)",Double,Какая страна лидирует по публикациям в журналах по ИИ и сколько ИИ-единорогов в США на конец 2022 года?,"1. Китай лидирует по публикациям в журналах.
2. В США на конец 2022 года насчитывалось 105 ИИ-единорогов."
fin,ai,investments3.pdf,Нет в документе,No info,Какие компании в области квантовых технологий получили финансирование от правительства Германии в 2023 году?,"Информация отсутствует в документе. В тексте упоминается фонд DeepTech & Climate Fonds в Германии, но конкретные компании не названы."
fin,ai,investments3.pdf,Страницы 2 (характеристики DeepTech) и 8 (инвестиции как основа устойчивого лидерства),Multi block,"Как особенности DeepTech-стартапов (например, длительный цикл разработки и технологические риски) влияют на их привлекательность для венчурных инвесторов?","Ответ:
1. Длительный цикл разработки и высокий технологический риск увеличивают потребность в долгосрочных инвестициях (стр. 2).
2. Однако 44% компаний видят в DeepTech источник долгосрочных конкурентных преимуществ, что делает их привлекательными для инвесторов, ориентированных на устойчивое лидерство (стр. 8)."
fin,ai,investments3.pdf,Страницы 3 (сравнение DeepTech и GeneralTech) и 4 (особенности коммерциализации),Logical thinking,"Почему DeepTech-стартапы могут быть менее привлекательны для инвесторов, которые ищут быструю окупаемость?","Ответ:
DeepTech-стартапы требуют длительного цикла разработки (5–15 лет) и значительных затрат на R&D, тогда как GeneralTech выходит на рынок быстрее (стр. 3–4). Это снижает привлекательность для инвесторов, ожидающих быстрой отдачи."
fin,ai,investments3.pdf,Страница 11 (лидеры по объему инвестиций) и 13 (направления инвестирования в России),Double,Какая страна является мировым лидером по объему инвестиций в DeepTech? Какое направление DeepTech наиболее популярно среди инвесторов в России?,"Ответы:
1. США ($48,1 млрд в 2022 году) (стр. 11).
2. Life Sciences (46,1% от общего объема инвестиций) (стр. 13)."
fin,ai,report3.pdf,Не указаны (информация отсутствует),No info,Какие достижения в области квантовых вычислений были отмечены в отчете Air Street Capital за 2023 год?,В предоставленном документе отсутствует информация о достижениях в области квантовых вычислений.
fin,ai,report3.pdf,"Промышленность (NVIDIA), Политика (экспортные ограничения)",Multi block,Какие факторы способствовали росту рыночной капитализации NVIDIA и как экспортные ограничения влияют на глобальный рынок полупроводников?,"Рост капитализации NVIDIA до $1 трлн обусловлен высоким спросом на графические процессоры для ИИ в госсекторе, стартапах и исследовательских организациях. Экспортные ограничения США на поставки чипов в Китай затрудняют глобальные продажи, но ключевые вендоры создают специализированные продукты для обхода этих ограничений."
fin,ai,report3.pdf,Безопасность (джейлбрейк и методы обучения),Логический вывод,Какие методы могут снизить риск обхода ограничений ИИ-моделями?,Исследователи предлагают использовать предварительное обучение ИИ с учетом новых запросов человека и систему вознаграждений за правильное поведение модели. Это уменьшает генерацию нежелательного контента (вывод из контекста о джейлбрейке и альтернативных подходах к обучению).
fin,ai,report3.pdf,"Промышленность (NVIDIA), Прогнозы (пункт 1)",Double,Какая компания достигла триллионной капитализации благодаря спросу на GPU для ИИ и какие прогнозы сделаны относительно использования генеративного ИИ в кинопроизводстве?,"NVIDIA достигла капитализации в $1 трлн за счет спроса на GPU для ИИ. Прогнозируется, что кинопроизводство уровня Голливуда начнет активно использовать генеративный ИИ для визуальных эффектов."
fin,ai,strategy3.pdf,-,No info,Какие проекты в области ИИ реализуются в странах Африки согласно документу?,"В предоставленном документе отсутствует информация о проектах в области ИИ, реализуемых в странах Африки."
fin,ai,strategy3.pdf,"Страницы 5–11 (США), 12–15 (ЕС)",Multi block,Какие ключевые различия в подходах к развитию ИИ существуют между США и ЕС?,"США фокусируются на удержании лидерства через инвестиции в НИОКР, безопасность и международное сотрудничество (страницы 5–11). ЕС делает акцент на доверенном ИИ, ""зеленой"" повестке и стандартизации (страницы 12–15)."
fin,ai,strategy3.pdf,"Страницы 14 (ЕС), 36 (ЮНЕСКО)",Logical thinking,"Можно ли использовать ИИ в образовании согласно стратегиям, описанным в документе?","Да. В документе указано, что ЕС планирует внедрять ИИ в государственный сектор как ""ролевую модель"" (страница 14), а ЮНЕСКО подчеркивает необходимость цифровой грамотности (страница 36), что подразумевает применение ИИ в образовании."
fin,ai,strategy3.pdf,"Страница 5 (Канада), 25 (Китай), страницы 35–42 (международные организации)",Double,"1. Какие страны первыми разработали национальные стратегии ИИ?
2. Какие организации участвуют в глобальном регулировании ИИ?","1. Первой страной стала Канада (2017 г.), затем Китай (2017 г.) (страница 5, 25).
2. ООН, ЮНЕСКО, ОЭСР, НАТО и Глобальное партнерство по ИИ (страницы 35–42)."
fin,ai,trends3.pdf,-,No info,Какие конкретные меры поддержки ИИ планирует ввести правительство РФ в 2024 году?,Информация отсутствует в документе.
fin,ai,trends3.pdf,"Страницы 2 (реализованный эффект ИИ), 3 (доля генеративного ИИ)",Multi block,Какой вклад генеративного ИИ ожидается в общий экономический эффект от технологий ИИ к 2028 году?,0.8–1.3 трлн руб. (20% от общего эффекта 4.2–6.9 трлн руб.).
fin,ai,trends3.pdf,"Страницы 15 (YandexGPT для текстов), 16 (нейросети для видео/изображений)",Logical thinking,Можно ли использовать YandexGPT для автоматического анализа видео?,"Нет, YandexGPT предназначен для текстовых задач; для видео используются специализированные модели."
fin,ai,trends3.pdf,"Страница 3 (компании), страница 15 (модели)",Double,Какие российские компании разрабатывают генеративный ИИ? Какие модели они создали?,"Яндекс (YandexGPT, YandexART), Сбер (GigaChat, Kandinsky)."
fin,ai,trends3.pdf,-,No info,Какие университеты РФ получили гранты на исследования в области ИИ в 2023?,Информация отсутствует в документе.
fin,ai,trends3.pdf,"Страницы 27 (рейтинг стран), 32 (господдержка)",Multi block,"Почему Россия занимает 30-е место в мировом рейтинге ИИ, но 7-е по уровню господдержки?",Из-за слабой интеграции научных исследований и дефицита кадров.
fin,ai,trends3.pdf,"Страница 48 (ассистент написания кода), 50 (риски замены профессий)",Logical thinking,Приведет ли внедрение ИИ-ассистентов к массовым сокращениям разработчиков?,"Нет: ассистенты сократят рутину, но не заменят специалистов (эксперты прогнозируют рост новых профессий)."
fin,ai,trends3.pdf,"Страница 40 (Google), 41 (Microsoft)",Double,Какие продукты Google и Microsoft используют генеративный ИИ?,"Google: Bard, Duet AI; Microsoft: Bing с ChatGPT, Microsoft 365 Copilot."
