domain,set,src,txt,tp,q,a
tech,linux,https://losst.pro/wp-content/uploads/2016/08/younglinux.info-Introduction-to-Linux-A-Hands-on-Guide-Vvedenie-v-Linux-Rukovodstvo-po-rabote.pdf,"Вообще считается плохой идеей ""графический"" вход в систему под именем root, т.е. учетной записью администратора системы, т. к. использование графики приводит к запуску множества дополнительных программ, и в случае root'а с большим количеством дополнительных разрешений. Чтобы свести риски к минимуму, для работы в графическом режиме используйте учетную запись обычного пользователя.",Simple,Почему не рекомендуется входить в систему под учетной записью root в графическом режиме?,"Использование графического режима приводит к запуску множества дополнительных программ, а у root’а есть дополнительные разрешения, что увеличивает риски."
tech,linux,https://losst.pro/wp-content/uploads/2016/08/younglinux.info-Introduction-to-Linux-A-Hands-on-Guide-Vvedenie-v-Linux-Rukovodstvo-po-rabote.pdf,"Вообще считается плохой идеей ""графический"" вход в систему под именем root, т.е. учетной записью администратора системы, т. к. использование графики приводит к запуску множества дополнительных программ, и в случае root'а с большим количеством дополнительных разрешений. Чтобы свести риски к минимуму, для работы в графическом режиме используйте учетную запись обычного пользователя.",With errors,"Почиму не саветуетца заходить в ситему как рут в графическом режиме?

","Использование графического режима приводит к запуску множества дополнительных программ, а у root’а есть дополнительные разрешения, что увеличивает риски."
tech,linux,https://losst.pro/wp-content/uploads/2016/08/younglinux.info-Introduction-to-Linux-A-Hands-on-Guide-Vvedenie-v-Linux-Rukovodstvo-po-rabote.pdf,"Вообще считается плохой идеей ""графический"" вход в систему под именем root, т.е. учетной записью администратора системы, т. к. использование графики приводит к запуску множества дополнительных программ, и в случае root'а с большим количеством дополнительных разрешений. Чтобы свести риски к минимуму, для работы в графическом режиме используйте учетную запись обычного пользователя.",Trash,"Здравствуйте, у меня такой вопрос, я вот недавно установил Linux и слышал, что root — это очень важный аккаунт, но мне непонятно, могу ли я использовать его в графическом режиме? Или это как-то связано с безопасностью? Прошу объяснить.","Использование графического режима приводит к запуску множества дополнительных программ, а у root’а есть дополнительные разрешения, что увеличивает риски."
tech,linux,https://losst.pro/wp-content/uploads/2016/08/younglinux.info-Introduction-to-Linux-A-Hands-on-Guide-Vvedenie-v-Linux-Rukovodstvo-po-rabote.pdf,"Вообще считается плохой идеей ""графический"" вход в систему под именем root, т.е. учетной записью администратора системы, т. к. использование графики приводит к запуску множества дополнительных программ, и в случае root'а с большим количеством дополнительных разрешений. Чтобы свести риски к минимуму, для работы в графическом режиме используйте учетную запись обычного пользователя.",Reformulation,"Чем может быть опасно использование учетной записи администратора при работе с интерфейсом операционной системы?

","Использование графического режима приводит к запуску множества дополнительных программ, а у root’а есть дополнительные разрешения, что увеличивает риски."
tech,linux,https://losst.pro/wp-content/uploads/2016/08/younglinux.info-Introduction-to-Linux-A-Hands-on-Guide-Vvedenie-v-Linux-Rukovodstvo-po-rabote.pdf,"Вообще считается плохой идеей ""графический"" вход в систему под именем root, т.е. учетной записью администратора системы, т. к. использование графики приводит к запуску множества дополнительных программ, и в случае root'а с большим количеством дополнительных разрешений. Чтобы свести риски к минимуму, для работы в графическом режиме используйте учетную запись обычного пользователя.",Incorrect by design,"Почему в Linux запрещено использовать графический интерфейс, если вход выполнен под обычной учетной записью?
","В Linux нет запрета на использование графического интерфейса под обычной учетной записью. Однако не рекомендуется входить в систему под root в графическом режиме, так как это приводит к запуску множества дополнительных программ, а у root’а есть дополнительные разрешения, что увеличивает риски."
tech,linux,https://losst.pro/wp-content/uploads/2016/08/younglinux.info-Introduction-to-Linux-A-Hands-on-Guide-Vvedenie-v-Linux-Rukovodstvo-po-rabote.pdf,"Text Type        Meaning
""Quoted text""        Цитаты людей, цитируемый компьютерный вывод.
terminal view        Буквальный компьютерный ввод и вывод, захваченный из терминала, обычно предоставляется на светлом фоне серого цвета.
command        Имя команды, которая может быть введена в командной строке.
VARIABLE        Имя переменной или указатель на содержимое переменной, как в $VARNAME.
option        Опция команды, как в «-a опция команды ls».
argument        Аргумент команды, как в «читать man ls».
prompt        Приглашение пользователю, за которым, как правило, следует команда, которую вы вводите в окне терминала, как в hilda@home> ls -l.
command options arguments        Командный синопсис или обычный способ использования, на отдельной строке.
filename        Имя файла или каталога, например, ""Измененить /usr/bin директорию"".
Key        Клавиши для нажатия на клавиатуре, такие как ""набрать Q для выхода"".
|Button|        Графическая кнопка для щелчка, как кнопка |OK|.
Menu → Choice        Выбор пункта в графическом меню, например: ""Выберите Help → About Mozilla в вашем браузере.""
Terminology        Важный термин или концепция: ""Ядро Linux является сердцем системы"".
\        Обратная косая черта в терминале или командном синопсисе указывает на незавершенную строку. Если вы видите длинную команду, которая разрезана на несколько строк, \ означает ""Не нажимайте пока Enter!""
Chapter 1, What is Linux?        Заголовок главы.
See The author        Ссылка на внешний web-ресурс.",Table,"Какой тип текста используется для обозначения клавиш, которые нужно нажать на клавиатуре?",Key
tech,linux,https://losst.pro/wp-content/uploads/2016/08/younglinux.info-Introduction-to-Linux-A-Hands-on-Guide-Vvedenie-v-Linux-Rukovodstvo-po-rabote.pdf,"Text Type        Meaning
""Quoted text""        Цитаты людей, цитируемый компьютерный вывод.
terminal view        Буквальный компьютерный ввод и вывод, захваченный из терминала, обычно предоставляется на светлом фоне серого цвета.
command        Имя команды, которая может быть введена в командной строке.
VARIABLE        Имя переменной или указатель на содержимое переменной, как в $VARNAME.
option        Опция команды, как в «-a опция команды ls».
argument        Аргумент команды, как в «читать man ls».
prompt        Приглашение пользователю, за которым, как правило, следует команда, которую вы вводите в окне терминала, как в hilda@home> ls -l.
command options arguments        Командный синопсис или обычный способ использования, на отдельной строке.
filename        Имя файла или каталога, например, ""Измененить /usr/bin директорию"".
Key        Клавиши для нажатия на клавиатуре, такие как ""набрать Q для выхода"".
|Button|        Графическая кнопка для щелчка, как кнопка |OK|.
Menu ? Choice        Выбор пункта в графическом меню, например: ""Выберите Help → About Mozilla в вашем браузере.""
Terminology        Важный термин или концепция: ""Ядро Linux является сердцем системы"".
\        Обратная косая черта в терминале или командном синопсисе указывает на незавершенную строку. Если вы видите длинную команду, которая разрезана на несколько строк, \ означает ""Не нажимайте пока Enter!""
Chapter 1, What is Linux?        Заголовок главы.
See The author        Ссылка на внешний web-ресурс.",Table,"Как обозначается выбор пункта в графическом меню, например, при навигации в браузере?",Menu ? Choice
tech,linux,https://losst.pro/wp-content/uploads/2016/08/younglinux.info-Introduction-to-Linux-A-Hands-on-Guide-Vvedenie-v-Linux-Rukovodstvo-po-rabote.pdf,,No info,Каковы основные различия между архитектурами ядра Linux и ядра Windows NT?,В документах нет информации для ответа на этот вопрос.
tech,linux,https://losst.pro/wp-content/uploads/2016/08/younglinux.info-Introduction-to-Linux-A-Hands-on-Guide-Vvedenie-v-Linux-Rukovodstvo-po-rabote.pdf,"Помните, что имеющаяся журналируемая файловая система обеспечивает только защиту данных в случае сбоя питания и неожиданного отключения устройств хранения. Она не защищает ваши данные от испорченных блоков и логических ошибок в файловой системе. В этих случаях, вам следует использовать RAID (избыточный массив недорогих жёстких дисков) решение.

RedHat Linux поставляется с redhat-config-network, который имеет как графический интерфейс, так и работает в текстовом режиме.",Multi block,"Какой тип файловой системы Linux рекомендуется для хранения данных, если требуется защита от логических ошибок, и какой инструмент используется для конфигурации сети в RedHat Linux?","Для защиты данных от логических ошибок в файловой системе рекомендуется использовать RAID (избыточный массив недорогих жёстких дисков). В RedHat Linux для настройки сети используется инструмент redhat-config-network, который поддерживает как графический, так и текстовый режим."
tech,linux,https://losst.pro/wp-content/uploads/2016/08/younglinux.info-Introduction-to-Linux-A-Hands-on-Guide-Vvedenie-v-Linux-Rukovodstvo-po-rabote.pdf,"Вообще считается плохой идеей ""графический"" вход в систему под именем root, т.е. учетной записью администратора системы, т. к. использование графики приводит к запуску множества дополнительных программ, и в случае root'а с большим количеством дополнительных разрешений. Чтобы свести риски к минимуму, для работы в графическом режиме используйте учетную запись обычного пользователя.",Logical thinking,"Можно ли запускать графический интерфейс, используя учетную запись администратора (root)?","Это не запрещено, но это плохая идея из-за повышенных рисков. Рекомендуется использовать учетную запись обычного пользователя."
tech,linux,https://losst.pro/wp-content/uploads/2016/08/younglinux.info-Introduction-to-Linux-A-Hands-on-Guide-Vvedenie-v-Linux-Rukovodstvo-po-rabote.pdf,"Например, если вы хотите перейти в каталог directory_with_a_very_long_name, вы не собираетесь набирать такое очень длинное имя, нет. Просто наберите в командной строке cd dir, а затем нажмите Tab и оболочки завершит имя за вас, если нет других файлов, начинающихся с тех же трех символов. Конечно, если нет других элементов, начинающихся с ""d"", то вы, также можете просто ввести cd d и нажать Tab. Если более чем один файл начинается с тех же символов, оболочка просигнализирует вам об этом, после чего вы можете нажать клавишу Tab дважды через короткий промежуток времени, и shell представит варианты, которые у вас есть.",Simple,"Как можно быстро перейти в каталог с длинным именем, не вводя его полностью?","Можно ввести начальные символы имени каталога, например, cd dir, и нажать Tab. Если нет других файлов с таким же началом, оболочка завершит имя автоматически."
tech,linux,https://losst.pro/wp-content/uploads/2016/08/younglinux.info-Introduction-to-Linux-A-Hands-on-Guide-Vvedenie-v-Linux-Rukovodstvo-po-rabote.pdf,"Например, если вы хотите перейти в каталог directory_with_a_very_long_name, вы не собираетесь набирать такое очень длинное имя, нет. Просто наберите в командной строке cd dir, а затем нажмите Tab и оболочки завершит имя за вас, если нет других файлов, начинающихся с тех же трех символов. Конечно, если нет других элементов, начинающихся с ""d"", то вы, также можете просто ввести cd d и нажать Tab. Если более чем один файл начинается с тех же символов, оболочка просигнализирует вам об этом, после чего вы можете нажать клавишу Tab дважды через короткий промежуток времени, и shell представит варианты, которые у вас есть.",With errors,"Как быстра прайти в католог с длинным имем, не напечатив его полность?","Можно ввести начальные символы имени каталога, например, cd dir, и нажать Tab. Если нет других файлов с таким же началом, оболочка завершит имя автоматически."
tech,linux,https://losst.pro/wp-content/uploads/2016/08/younglinux.info-Introduction-to-Linux-A-Hands-on-Guide-Vvedenie-v-Linux-Rukovodstvo-po-rabote.pdf,"Например, если вы хотите перейти в каталог directory_with_a_very_long_name, вы не собираетесь набирать такое очень длинное имя, нет. Просто наберите в командной строке cd dir, а затем нажмите Tab и оболочки завершит имя за вас, если нет других файлов, начинающихся с тех же трех символов. Конечно, если нет других элементов, начинающихся с ""d"", то вы, также можете просто ввести cd d и нажать Tab. Если более чем один файл начинается с тех же символов, оболочка просигнализирует вам об этом, после чего вы можете нажать клавишу Tab дважды через короткий промежуток времени, и shell представит варианты, которые у вас есть.",Trash,"Привет, у меня есть каталог с очень длинным названием, я не хочу его вводить полностью, а еще у меня сломалась клавиша ""d"", но это неважно. Я слышал, что можно как-то быстро перемещаться по каталогам, не вводя их название целиком? Можете подсказать, как это сделать? Спасибо!","Можно ввести начальные символы имени каталога, например, cd dir, и нажать Tab. Если нет других файлов с таким же началом, оболочка завершит имя автоматически."
tech,linux,https://losst.pro/wp-content/uploads/2016/08/younglinux.info-Introduction-to-Linux-A-Hands-on-Guide-Vvedenie-v-Linux-Rukovodstvo-po-rabote.pdf,"Например, если вы хотите перейти в каталог directory_with_a_very_long_name, вы не собираетесь набирать такое очень длинное имя, нет. Просто наберите в командной строке cd dir, а затем нажмите Tab и оболочки завершит имя за вас, если нет других файлов, начинающихся с тех же трех символов. Конечно, если нет других элементов, начинающихся с ""d"", то вы, также можете просто ввести cd d и нажать Tab. Если более чем один файл начинается с тех же символов, оболочка просигнализирует вам об этом, после чего вы можете нажать клавишу Tab дважды через короткий промежуток времени, и shell представит варианты, которые у вас есть.",Reformulation,"Как можно переместиться в папку с длинным именем, используя автоматическое дополнение командной строки?
","Можно ввести начальные символы имени каталога, например, cd dir, и нажать Tab. Если нет других файлов с таким же началом, оболочка завершит имя автоматически."
tech,linux,https://losst.pro/wp-content/uploads/2016/08/younglinux.info-Introduction-to-Linux-A-Hands-on-Guide-Vvedenie-v-Linux-Rukovodstvo-po-rabote.pdf,"Например, если вы хотите перейти в каталог directory_with_a_very_long_name, вы не собираетесь набирать такое очень длинное имя, нет. Просто наберите в командной строке cd dir, а затем нажмите Tab и оболочки завершит имя за вас, если нет других файлов, начинающихся с тех же трех символов. Конечно, если нет других элементов, начинающихся с ""d"", то вы, также можете просто ввести cd d и нажать Tab. Если более чем один файл начинается с тех же символов, оболочка просигнализирует вам об этом, после чего вы можете нажать клавишу Tab дважды через короткий промежуток времени, и shell представит варианты, которые у вас есть.",Incorrect by design,"Если ввести cd и нажать Tab, то система автоматически откроет нужный каталог, даже если в директории есть файлы с похожими именами?","Нет, если в каталоге есть несколько файлов с одинаковым началом, оболочка сначала просигнализирует об этом. После этого можно нажать Tab дважды, чтобы увидеть список доступных вариантов."
tech,linux,https://losst.pro/wp-content/uploads/2016/08/younglinux.info-Introduction-to-Linux-A-Hands-on-Guide-Vvedenie-v-Linux-Rukovodstvo-po-rabote.pdf,"Большинство команд GNU поддерживают --help, которая выдает краткое пояснение того, как использовать команду, и список доступных опций. Ниже результат выдачи с этой опцией для команды cat:
userprompt@host: cat --help
Usage: cat [OPTION] [FILE]...
Concatenate FILE(s), or standard input, to standard output.

-A, --show-all — equivalent to -vET
-b, --number-nonblank — number nonblank output lines
-e — equivalent to -vE
-E, --show-ends — display $ at end of each line
-n, --number — number all output lines
-s, --squeeze-blank — never more than one single blank line
-t — equivalent to -vT
-T, --show-tabs — display TAB characters as ^I
-u — (ignored)
-v, --show-nonprinting — use ^ and M- notation, except for LFD and TAB
--help — display this help and exit
--version — output version information and exit
With no FILE, or when FILE is -, read standard input.
Report bugs to.",Simple,"Какие опции поддерживает команда cat, если запустить ее с флагом --help?","Команда cat поддерживает следующие опции: -A, --show-all, -b, --number-nonblank, -e, -E, --show-ends, -n, --number, -s, --squeeze-blank, -t, -T, --show-tabs, -u, -v, --show-nonprinting, --help, --version."
tech,linux,https://losst.pro/wp-content/uploads/2016/08/younglinux.info-Introduction-to-Linux-A-Hands-on-Guide-Vvedenie-v-Linux-Rukovodstvo-po-rabote.pdf,"Большинство команд GNU поддерживают --help, которая выдает краткое пояснение того, как использовать команду, и список доступных опций. Ниже результат выдачи с этой опцией для команды cat:
userprompt@host: cat --help
Usage: cat [OPTION] [FILE]...
Concatenate FILE(s), or standard input, to standard output.

-A, --show-all — equivalent to -vET
-b, --number-nonblank — number nonblank output lines
-e — equivalent to -vE
-E, --show-ends — display $ at end of each line
-n, --number — number all output lines
-s, --squeeze-blank — never more than one single blank line
-t — equivalent to -vT
-T, --show-tabs — display TAB characters as ^I
-u — (ignored)
-v, --show-nonprinting — use ^ and M- notation, except for LFD and TAB
--help — display this help and exit
--version — output version information and exit
With no FILE, or when FILE is -, read standard input.
Report bugs to.",With errors,"Какие апцыи поддкрживает команда kat, если запусити ее с флагом --hepl?","Команда cat поддерживает следующие опции: -A, --show-all, -b, --number-nonblank, -e, -E, --show-ends, -n, --number, -s, --squeeze-blank, -t, -T, --show-tabs, -u, -v, --show-nonprinting, --help, --version."
tech,linux,https://losst.pro/wp-content/uploads/2016/08/younglinux.info-Introduction-to-Linux-A-Hands-on-Guide-Vvedenie-v-Linux-Rukovodstvo-po-rabote.pdf,"Большинство команд GNU поддерживают --help, которая выдает краткое пояснение того, как использовать команду, и список доступных опций. Ниже результат выдачи с этой опцией для команды cat:
userprompt@host: cat --help
Usage: cat [OPTION] [FILE]...
Concatenate FILE(s), or standard input, to standard output.

-A, --show-all — equivalent to -vET
-b, --number-nonblank — number nonblank output lines
-e — equivalent to -vE
-E, --show-ends — display $ at end of each line
-n, --number — number all output lines
-s, --squeeze-blank — never more than one single blank line
-t — equivalent to -vT
-T, --show-tabs — display TAB characters as ^I
-u — (ignored)
-v, --show-nonprinting — use ^ and M- notation, except for LFD and TAB
--help — display this help and exit
--version — output version information and exit
With no FILE, or when FILE is -, read standard input.
Report bugs to.",Trash,"Привет, у меня тут такая проблема, я работаю в терминале, и мне надо разобраться, как там вообще с cat. Меня интересует, если я введу cat --help, какие опции он вообще поддерживает? Я просто не хочу копаться в документации, если можно тут узнать. Буду очень благодарен!","Команда cat поддерживает следующие опции: -A, --show-all, -b, --number-nonblank, -e, -E, --show-ends, -n, --number, -s, --squeeze-blank, -t, -T, --show-tabs, -u, -v, --show-nonprinting, --help, --version."
tech,linux,https://losst.pro/wp-content/uploads/2016/08/younglinux.info-Introduction-to-Linux-A-Hands-on-Guide-Vvedenie-v-Linux-Rukovodstvo-po-rabote.pdf,"Большинство команд GNU поддерживают --help, которая выдает краткое пояснение того, как использовать команду, и список доступных опций. Ниже результат выдачи с этой опцией для команды cat:
userprompt@host: cat --help
Usage: cat [OPTION] [FILE]...
Concatenate FILE(s), or standard input, to standard output.

-A, --show-all — equivalent to -vET
-b, --number-nonblank — number nonblank output lines
-e — equivalent to -vE
-E, --show-ends — display $ at end of each line
-n, --number — number all output lines
-s, --squeeze-blank — never more than one single blank line
-t — equivalent to -vT
-T, --show-tabs — display TAB characters as ^I
-u — (ignored)
-v, --show-nonprinting — use ^ and M- notation, except for LFD and TAB
--help — display this help and exit
--version — output version information and exit
With no FILE, or when FILE is -, read standard input.
Report bugs to.",Reformulation,"Если я хочу изменить способ отображения выходных данных при использовании команды cat, какие возможности для этого предоставляет система?","Команда cat поддерживает следующие опции: -A, --show-all, -b, --number-nonblank, -e, -E, --show-ends, -n, --number, -s, --squeeze-blank, -t, -T, --show-tabs, -u, -v, --show-nonprinting, --help, --version."
tech,linux,https://losst.pro/wp-content/uploads/2016/08/younglinux.info-Introduction-to-Linux-A-Hands-on-Guide-Vvedenie-v-Linux-Rukovodstvo-po-rabote.pdf,"Большинство команд GNU поддерживают --help, которая выдает краткое пояснение того, как использовать команду, и список доступных опций. Ниже результат выдачи с этой опцией для команды cat:
userprompt@host: cat --help
Usage: cat [OPTION] [FILE]...
Concatenate FILE(s), or standard input, to standard output.

-A, --show-all — equivalent to -vET
-b, --number-nonblank — number nonblank output lines
-e — equivalent to -vE
-E, --show-ends — display $ at end of each line
-n, --number — number all output lines
-s, --squeeze-blank — never more than one single blank line
-t — equivalent to -vT
-T, --show-tabs — display TAB characters as ^I
-u — (ignored)
-v, --show-nonprinting — use ^ and M- notation, except for LFD and TAB
--help — display this help and exit
--version — output version information and exit
With no FILE, or when FILE is -, read standard input.
Report bugs to.",Incorrect by design,Можно ли с помощью cat изменять содержимое файлов и сохранять изменения?,"Нет, команда cat предназначена только для чтения и конкатенации файлов, но не для их редактирования или сохранения изменений. Она принимает файлы на вход и выводит их содержимое в стандартный поток вывода."
tech,linux,https://losst.pro/wp-content/uploads/2016/08/younglinux.info-Introduction-to-Linux-A-Hands-on-Guide-Vvedenie-v-Linux-Rukovodstvo-po-rabote.pdf,"Большинство файлов просто файлы, называемые обычными файлами; они содержат обычные данные, например, текстовые файлы, исполняемые файлы (или программы), файлы ввода или вывода программ и т.д.
Хотя предположение, что все что вы обнаружите в системе Linux представляет собой файл достаточно верное, есть некоторые особенности.

Каталоги: файлы, которые представляют собой списки других файлов.
Специальные файлы: механизм использования ввода-вывода. Большинство специальных файлов находятся в /dev, мы их обсудим позже.
Ссылки: механизм обеспечения видимости файла или каталога во множестве частей файлового дерева системы. Мы в деталях поговорим о ссылках.
(Домены) сокеты: особый тип файла, подобный сокетам TCP/IP, обеспечивающий взаимодействие в сети процессов, защищенных контролем файловой системы на доступ.
Именованные каналы: действуют более или менее похоже на сокеты и обеспечивают способ коммуникации между процессами без использования правил поведения сетевых сокетов.
Опция -l команды ls отображает тип файла, на что указывает первый символ в каждой выводимой строке.",Simple,"Какие типы файлов существуют в Linux, кроме обычных файлов?","В Linux, кроме обычных файлов, существуют каталоги, специальные файлы, ссылки, (домены) сокеты и именованные каналы."
tech,linux,https://losst.pro/wp-content/uploads/2016/08/younglinux.info-Introduction-to-Linux-A-Hands-on-Guide-Vvedenie-v-Linux-Rukovodstvo-po-rabote.pdf,"Большинство файлов просто файлы, называемые обычными файлами; они содержат обычные данные, например, текстовые файлы, исполняемые файлы (или программы), файлы ввода или вывода программ и т.д.
Хотя предположение, что все что вы обнаружите в системе Linux представляет собой файл достаточно верное, есть некоторые особенности.

Каталоги: файлы, которые представляют собой списки других файлов.
Специальные файлы: механизм использования ввода-вывода. Большинство специальных файлов находятся в /dev, мы их обсудим позже.
Ссылки: механизм обеспечения видимости файла или каталога во множестве частей файлового дерева системы. Мы в деталях поговорим о ссылках.
(Домены) сокеты: особый тип файла, подобный сокетам TCP/IP, обеспечивающий взаимодействие в сети процессов, защищенных контролем файловой системы на доступ.
Именованные каналы: действуют более или менее похоже на сокеты и обеспечивают способ коммуникации между процессами без использования правил поведения сетевых сокетов.
Опция -l команды ls отображает тип файла, на что указывает первый символ в каждой выводимой строке.",With errors,"Какйие тыпы файлов ест в линух, крме обчныех?","В Linux, кроме обычных файлов, существуют каталоги, специальные файлы, ссылки, (домены) сокеты и именованные каналы."
tech,linux,https://losst.pro/wp-content/uploads/2016/08/younglinux.info-Introduction-to-Linux-A-Hands-on-Guide-Vvedenie-v-Linux-Rukovodstvo-po-rabote.pdf,"Большинство файлов просто файлы, называемые обычными файлами; они содержат обычные данные, например, текстовые файлы, исполняемые файлы (или программы), файлы ввода или вывода программ и т.д.
Хотя предположение, что все что вы обнаружите в системе Linux представляет собой файл достаточно верное, есть некоторые особенности.

Каталоги: файлы, которые представляют собой списки других файлов.
Специальные файлы: механизм использования ввода-вывода. Большинство специальных файлов находятся в /dev, мы их обсудим позже.
Ссылки: механизм обеспечения видимости файла или каталога во множестве частей файлового дерева системы. Мы в деталях поговорим о ссылках.
(Домены) сокеты: особый тип файла, подобный сокетам TCP/IP, обеспечивающий взаимодействие в сети процессов, защищенных контролем файловой системы на доступ.
Именованные каналы: действуют более или менее похоже на сокеты и обеспечивают способ коммуникации между процессами без использования правил поведения сетевых сокетов.
Опция -l команды ls отображает тип файла, на что указывает первый символ в каждой выводимой строке.",Trash,"Привет, у меня тут возник вопрос про файлы в Linux, потому что я немного запутался, какие там вообще бывают типы? Я читал что есть обычные файлы, но вот если не обычные, то что ещё? А то в документации очень сложно написано... Спасибо!","В Linux, кроме обычных файлов, существуют каталоги, специальные файлы, ссылки, (домены) сокеты и именованные каналы."
tech,linux,https://losst.pro/wp-content/uploads/2016/08/younglinux.info-Introduction-to-Linux-A-Hands-on-Guide-Vvedenie-v-Linux-Rukovodstvo-po-rabote.pdf,"Большинство файлов просто файлы, называемые обычными файлами; они содержат обычные данные, например, текстовые файлы, исполняемые файлы (или программы), файлы ввода или вывода программ и т.д.
Хотя предположение, что все что вы обнаружите в системе Linux представляет собой файл достаточно верное, есть некоторые особенности.

Каталоги: файлы, которые представляют собой списки других файлов.
Специальные файлы: механизм использования ввода-вывода. Большинство специальных файлов находятся в /dev, мы их обсудим позже.
Ссылки: механизм обеспечения видимости файла или каталога во множестве частей файлового дерева системы. Мы в деталях поговорим о ссылках.
(Домены) сокеты: особый тип файла, подобный сокетам TCP/IP, обеспечивающий взаимодействие в сети процессов, защищенных контролем файловой системы на доступ.
Именованные каналы: действуют более или менее похоже на сокеты и обеспечивают способ коммуникации между процессами без использования правил поведения сетевых сокетов.
Опция -l команды ls отображает тип файла, на что указывает первый символ в каждой выводимой строке.",Reformulation,"Как в Linux организована работа с различными категориями файлов, имеющими специфические функции?","В Linux файлы делятся на несколько типов: каталоги (списки файлов), специальные файлы (ввод-вывод, обычно в /dev), ссылки (обеспечивают видимость файла в разных частях дерева), (домены) сокеты (для межпроцессного взаимодействия) и именованные каналы (аналог сокетов, но без сетевых правил)."
tech,linux,https://losst.pro/wp-content/uploads/2016/08/younglinux.info-Introduction-to-Linux-A-Hands-on-Guide-Vvedenie-v-Linux-Rukovodstvo-po-rabote.pdf,"Большинство файлов просто файлы, называемые обычными файлами; они содержат обычные данные, например, текстовые файлы, исполняемые файлы (или программы), файлы ввода или вывода программ и т.д.
Хотя предположение, что все что вы обнаружите в системе Linux представляет собой файл достаточно верное, есть некоторые особенности.

Каталоги: файлы, которые представляют собой списки других файлов.
Специальные файлы: механизм использования ввода-вывода. Большинство специальных файлов находятся в /dev, мы их обсудим позже.
Ссылки: механизм обеспечения видимости файла или каталога во множестве частей файлового дерева системы. Мы в деталях поговорим о ссылках.
(Домены) сокеты: особый тип файла, подобный сокетам TCP/IP, обеспечивающий взаимодействие в сети процессов, защищенных контролем файловой системы на доступ.
Именованные каналы: действуют более или менее похоже на сокеты и обеспечивают способ коммуникации между процессами без использования правил поведения сетевых сокетов.
Опция -l команды ls отображает тип файла, на что указывает первый символ в каждой выводимой строке.",Incorrect by design,"В Linux файлы делятся только на обычные и исполняемые, так ведь?","Нет, помимо обычных и исполняемых файлов в Linux существуют каталоги, специальные файлы, ссылки, (домены) сокеты и именованные каналы."
tech,linux,https://losst.pro/wp-content/uploads/2016/08/younglinux.info-Introduction-to-Linux-A-Hands-on-Guide-Vvedenie-v-Linux-Rukovodstvo-po-rabote.pdf,"Если в качестве аргумента chmod вы вводите число, состоящее менее чем из трех цифр, опущенные
символы заменяются на нули, начиная слева. В системах Linux на самом деле существует четвертая цифра,
которая предшествует первому из трех и устанавливает специальные режимы доступа. Все об этом и
многом другом находится в info-страницах.",Simple,"Что происходит, если в качестве аргумента chmod вводится число с менее чем тремя цифрами?","Опущенные символы заменяются на нули, начиная слева."
tech,linux,https://losst.pro/wp-content/uploads/2016/08/younglinux.info-Introduction-to-Linux-A-Hands-on-Guide-Vvedenie-v-Linux-Rukovodstvo-po-rabote.pdf,"Если в качестве аргумента chmod вы вводите число, состоящее менее чем из трех цифр, опущенные
символы заменяются на нули, начиная слева. В системах Linux на самом деле существует четвертая цифра,
которая предшествует первому из трех и устанавливает специальные режимы доступа. Все об этом и
многом другом находится в info-страницах.",With errors,"Что случет, если для chmod вести число менше чем 3 цыфры?","Опущенные символы заменяются на нули, начиная слева."
tech,linux,https://losst.pro/wp-content/uploads/2016/08/younglinux.info-Introduction-to-Linux-A-Hands-on-Guide-Vvedenie-v-Linux-Rukovodstvo-po-rabote.pdf,"Если в качестве аргумента chmod вы вводите число, состоящее менее чем из трех цифр, опущенные
символы заменяются на нули, начиная слева. В системах Linux на самом деле существует четвертая цифра,
которая предшествует первому из трех и устанавливает специальные режимы доступа. Все об этом и
многом другом находится в info-страницах.",Trash,"Привет, у меня вопрос по Linux! Я тут пытаюсь изменить права доступа к файлу с помощью chmod, но случайно ввел число, в котором меньше трех цифр. Это как-то повлияет на результат? Или система сама добавит недостающие значения? И еще, где лучше искать справочную информацию по chmod?","Опущенные символы заменяются на нули, начиная слева. Дополнительная информация находится в info-страницах."
tech,linux,https://losst.pro/wp-content/uploads/2016/08/younglinux.info-Introduction-to-Linux-A-Hands-on-Guide-Vvedenie-v-Linux-Rukovodstvo-po-rabote.pdf,"Если в качестве аргумента chmod вы вводите число, состоящее менее чем из трех цифр, опущенные
символы заменяются на нули, начиная слева. В системах Linux на самом деле существует четвертая цифра,
которая предшествует первому из трех и устанавливает специальные режимы доступа. Все об этом и
многом другом находится в info-страницах.",Reformulation,"Каким образом обрабатывается ввод числа в chmod, если его длина короче трех символов?","Опущенные символы заменяются на нули, начиная слева."
tech,linux,https://losst.pro/wp-content/uploads/2016/08/younglinux.info-Introduction-to-Linux-A-Hands-on-Guide-Vvedenie-v-Linux-Rukovodstvo-po-rabote.pdf,"Если в качестве аргумента chmod вы вводите число, состоящее менее чем из трех цифр, опущенные
символы заменяются на нули, начиная слева. В системах Linux на самом деле существует четвертая цифра,
которая предшествует первому из трех и устанавливает специальные режимы доступа. Все об этом и
многом другом находится в info-страницах.",Incorrect by design,"Если ввести в chmod число с двумя цифрами, то система автоматически добавит два нуля справа, чтобы заполнить недостающие символы?","Нет, опущенные символы заменяются на нули, но добавляются слева, а не справа."
tech,linux,https://losst.pro/wp-content/uploads/2016/08/younglinux.info-Introduction-to-Linux-A-Hands-on-Guide-Vvedenie-v-Linux-Rukovodstvo-po-rabote.pdf,"UNIX была создана как система, которая не останавливается, но если вам это действительно надо, используйте команду shutdown. Опция -h будет остановить систему, а -r будет перезагружать ее. Команды reboot и halt теперь способны вызывать shutdown, когда система находится в режимах выполнения 1-5, и таким образом обеспечить надлежащее завершение ее работы, но это плохая привычка, поскольку не во всех версиях UNIX/Linux есть такая возможность. Пока ваш компьютер сам не выключится, вы не должны выключать его, пока не увидите сообщение с указанием, что система остановилась или все процессы завершились, т. к. система должна отключить все разделы. Нетерпеливость может привести к потере данных.",Simple,Какие команды можно использовать для завершения работы системы в UNIX?,"В UNIX можно использовать команду shutdown -h для остановки системы и shutdown -r для ее перезагрузки. Также команды reboot и halt могут вызвать shutdown в режимах выполнения 1-5, но это не всегда доступно во всех версиях UNIX/Linux."
tech,linux,https://losst.pro/wp-content/uploads/2016/08/younglinux.info-Introduction-to-Linux-A-Hands-on-Guide-Vvedenie-v-Linux-Rukovodstvo-po-rabote.pdf,"UNIX была создана как система, которая не останавливается, но если вам это действительно надо, используйте команду shutdown. Опция -h будет остановить систему, а -r будет перезагружать ее. Команды reboot и halt теперь способны вызывать shutdown, когда система находится в режимах выполнения 1-5, и таким образом обеспечить надлежащее завершение ее работы, но это плохая привычка, поскольку не во всех версиях UNIX/Linux есть такая возможность. Пока ваш компьютер сам не выключится, вы не должны выключать его, пока не увидите сообщение с указанием, что система остановилась или все процессы завершились, т. к. система должна отключить все разделы. Нетерпеливость может привести к потере данных.",With errors,Какую комаду использовать что бы выключить юникс? И чо значыт опция -r?,"Для выключения UNIX используется команда shutdown -h, а опция -r выполняет перезагрузку системы."
tech,linux,https://losst.pro/wp-content/uploads/2016/08/younglinux.info-Introduction-to-Linux-A-Hands-on-Guide-Vvedenie-v-Linux-Rukovodstvo-po-rabote.pdf,"UNIX была создана как система, которая не останавливается, но если вам это действительно надо, используйте команду shutdown. Опция -h будет остановить систему, а -r будет перезагружать ее. Команды reboot и halt теперь способны вызывать shutdown, когда система находится в режимах выполнения 1-5, и таким образом обеспечить надлежащее завершение ее работы, но это плохая привычка, поскольку не во всех версиях UNIX/Linux есть такая возможность. Пока ваш компьютер сам не выключится, вы не должны выключать его, пока не увидите сообщение с указанием, что система остановилась или все процессы завершились, т. к. система должна отключить все разделы. Нетерпеливость может привести к потере данных.",Trash,"Привет! У меня тут проблема с выключением компа, я вроде что-то читал про какие-то команды, но не помню точно, то ли shutdown, то ли halt… Мне надо выключить UNIX, но я не хочу потерять данные. Какие там команды правильные, и что значит -h и -r? Еще, кстати, бывает такое, что комп не выключается сразу, это нормально?","В UNIX для выключения системы нужно использовать shutdown -h, а для перезагрузки — shutdown -r. Команды reboot и halt также могут вызывать shutdown, но это не всегда работает во всех версиях UNIX/Linux. Перед выключением необходимо дождаться сообщения о завершении работы, иначе можно потерять данные."
tech,linux,https://losst.pro/wp-content/uploads/2016/08/younglinux.info-Introduction-to-Linux-A-Hands-on-Guide-Vvedenie-v-Linux-Rukovodstvo-po-rabote.pdf,"UNIX была создана как система, которая не останавливается, но если вам это действительно надо, используйте команду shutdown. Опция -h будет остановить систему, а -r будет перезагружать ее. Команды reboot и halt теперь способны вызывать shutdown, когда система находится в режимах выполнения 1-5, и таким образом обеспечить надлежащее завершение ее работы, но это плохая привычка, поскольку не во всех версиях UNIX/Linux есть такая возможность. Пока ваш компьютер сам не выключится, вы не должны выключать его, пока не увидите сообщение с указанием, что система остановилась или все процессы завершились, т. к. система должна отключить все разделы. Нетерпеливость может привести к потере данных.",Reformulation,"сли мне нужно принудительно завершить работу операционной системы UNIX или перезапустить ее, какие существуют команды и чем они различаются?","В UNIX для завершения работы используется команда shutdown -h, а для перезагрузки — shutdown -r. Команды reboot и halt также могут выполнять shutdown в режимах 1-5, но не во всех версиях UNIX/Linux."
tech,linux,https://losst.pro/wp-content/uploads/2016/08/younglinux.info-Introduction-to-Linux-A-Hands-on-Guide-Vvedenie-v-Linux-Rukovodstvo-po-rabote.pdf,"UNIX была создана как система, которая не останавливается, но если вам это действительно надо, используйте команду shutdown. Опция -h будет остановить систему, а -r будет перезагружать ее. Команды reboot и halt теперь способны вызывать shutdown, когда система находится в режимах выполнения 1-5, и таким образом обеспечить надлежащее завершение ее работы, но это плохая привычка, поскольку не во всех версиях UNIX/Linux есть такая возможность. Пока ваш компьютер сам не выключится, вы не должны выключать его, пока не увидите сообщение с указанием, что система остановилась или все процессы завершились, т. к. система должна отключить все разделы. Нетерпеливость может привести к потере данных.",Incorrect by design,"Правда ли, что в UNIX невозможно корректно выключить систему без аппаратного отключения питания?","Нет, это неверно. В UNIX можно корректно завершить работу системы с помощью команды shutdown -h, которая безопасно отключает все разделы перед выключением."
tech,linux,https://losst.pro/wp-content/uploads/2016/08/younglinux.info-Introduction-to-Linux-A-Hands-on-Guide-Vvedenie-v-Linux-Rukovodstvo-po-rabote.pdf,"Заметьте, что ps выдает только сиюминутное состояние активных процессов, это одномоментный срез. Программа top дает более точный обзор путем обновления результатов, определенных ps (с множеством опций), один раз в 5 секунд, создавая новый список процессов, что периодически вызывает большие нагрузки, поэтому используется подключение дополнительной информации о файле подкачки и состоянии процессора; из файла proc системы.",Simple,В чем разница между программами ps и top при отображении информации о процессах?,"Программа ps показывает только сиюминутное состояние активных процессов в виде одномоментного среза, тогда как top обновляет данные, полученные от ps, каждые 5 секунд, создавая новый список процессов.

"
tech,linux,https://losst.pro/wp-content/uploads/2016/08/younglinux.info-Introduction-to-Linux-A-Hands-on-Guide-Vvedenie-v-Linux-Rukovodstvo-po-rabote.pdf,"Заметьте, что ps выдает только сиюминутное состояние активных процессов, это одномоментный срез. Программа top дает более точный обзор путем обновления результатов, определенных ps (с множеством опций), один раз в 5 секунд, создавая новый список процессов, что периодически вызывает большие нагрузки, поэтому используется подключение дополнительной информации о файле подкачки и состоянии процессора; из файла proc системы.",With errors,Чем otlechaetsya progama top ot ps v vidosnaqii infarmacii a prosesach?,"Программа ps показывает только сиюминутное состояние активных процессов в виде одномоментного среза, тогда как top обновляет данные, полученные от ps, каждые 5 секунд, создавая новый список процессов.

"
tech,linux,https://losst.pro/wp-content/uploads/2016/08/younglinux.info-Introduction-to-Linux-A-Hands-on-Guide-Vvedenie-v-Linux-Rukovodstvo-po-rabote.pdf,"Заметьте, что ps выдает только сиюминутное состояние активных процессов, это одномоментный срез. Программа top дает более точный обзор путем обновления результатов, определенных ps (с множеством опций), один раз в 5 секунд, создавая новый список процессов, что периодически вызывает большие нагрузки, поэтому используется подключение дополнительной информации о файле подкачки и состоянии процессора; из файла proc системы.",Trash,"Привет! У меня тут небольшой вопрос по мониторингу процессов в системе Linux. Я вот использую ps, но мне кажется, что информация там обновляется не в реальном времени. Может, есть какой-то инструмент, который делает это лучше? Как вообще ps и top работают, в чем их разница? Кстати, не знаешь, почему иногда нагрузка на процессор резко растет? Может, это из-за файла подкачки? Спасибо!","Программа ps показывает только сиюминутное состояние активных процессов в виде одномоментного среза, тогда как top обновляет данные, полученные от ps, каждые 5 секунд, создавая новый список процессов.

"
tech,linux,https://losst.pro/wp-content/uploads/2016/08/younglinux.info-Introduction-to-Linux-A-Hands-on-Guide-Vvedenie-v-Linux-Rukovodstvo-po-rabote.pdf,"Заметьте, что ps выдает только сиюминутное состояние активных процессов, это одномоментный срез. Программа top дает более точный обзор путем обновления результатов, определенных ps (с множеством опций), один раз в 5 секунд, создавая новый список процессов, что периодически вызывает большие нагрузки, поэтому используется подключение дополнительной информации о файле подкачки и состоянии процессора; из файла proc системы.",Reformulation,"Какая утилита позволяет динамически отслеживать изменения списка процессов в системе, а какая предоставляет только статичный снимок состояния?","Программа ps показывает только сиюминутное состояние активных процессов в виде одномоментного среза, тогда как top обновляет данные, полученные от ps, каждые 5 секунд, создавая новый список процессов.

"
tech,linux,https://losst.pro/wp-content/uploads/2016/08/younglinux.info-Introduction-to-Linux-A-Hands-on-Guide-Vvedenie-v-Linux-Rukovodstvo-po-rabote.pdf,"Заметьте, что ps выдает только сиюминутное состояние активных процессов, это одномоментный срез. Программа top дает более точный обзор путем обновления результатов, определенных ps (с множеством опций), один раз в 5 секунд, создавая новый список процессов, что периодически вызывает большие нагрузки, поэтому используется подключение дополнительной информации о файле подкачки и состоянии процессора; из файла proc системы.",Incorrect by design,"Правда ли, что ps и top работают одинаково, поскольку обе программы отображают состояние процессов в реальном времени?","Нет, это неверно. Программа ps показывает только сиюминутное состояние активных процессов в виде одномоментного среза, тогда как top обновляет данные, полученные от ps, каждые 5 секунд, создавая новый список процессов.
"
tech,linux,https://losst.pro/wp-content/uploads/2016/08/younglinux.info-Introduction-to-Linux-A-Hands-on-Guide-Vvedenie-v-Linux-Rukovodstvo-po-rabote.pdf,"Таблица 2.3. Новые команды из главе 2: Основы

Команда	Значение
apropos	Поиск информации о команде или по теме.
cat	Показывает содержимое одного или более файлов.
cd	Переход в другую директорию.
exit	Выход из сессии оболочки shell.
file	Получение информации о содержании файла.
info	Чтение info-страниц о команде.
logout	Выход из сессии shell.
ls	Просмотр содержимого каталога.
man	Чтение страниц руководств о команде.
passwd	Изменение пароля.
pwd	Отображение текущей рабочей директории.",Table,"Как можно получить информацию о содержимом файла, не открывая его?

","С помощью команды file, которая позволяет получить информацию о содержании файла."
tech,linux,https://losst.pro/wp-content/uploads/2016/08/younglinux.info-Introduction-to-Linux-A-Hands-on-Guide-Vvedenie-v-Linux-Rukovodstvo-po-rabote.pdf,"Таблица 2.3. Новые команды из главе 2: Основы

Команда	Значение
apropos	Поиск информации о команде или по теме.
cat	Показывает содержимое одного или более файлов.
cd	Переход в другую директорию.
exit	Выход из сессии оболочки shell.
file	Получение информации о содержании файла.
info	Чтение info-страниц о команде.
logout	Выход из сессии shell.
ls	Просмотр содержимого каталога.
man	Чтение страниц руководств о команде.
passwd	Изменение пароля.
pwd	Отображение текущей рабочей директории.",Table,"Какая команда используется для смены пароля?

",Команда passwd предназначена для изменения пароля.
tech,linux,https://losst.pro/wp-content/uploads/2016/08/younglinux.info-Introduction-to-Linux-A-Hands-on-Guide-Vvedenie-v-Linux-Rukovodstvo-po-rabote.pdf,"Таблица 3.1. Типы файлов

Символ	Значение
-	Обычный файл
d	Директория
l	Ссылка
c	Специальный файл
s	Сокет
p	Именованный канал
b	Блочное устройство
",Table,"Какой символ используется для обозначения каталога в файловой системе?


",d
tech,linux,https://losst.pro/wp-content/uploads/2016/08/younglinux.info-Introduction-to-Linux-A-Hands-on-Guide-Vvedenie-v-Linux-Rukovodstvo-po-rabote.pdf,"Таблица 3.1. Типы файлов

Символ	Значение
-	Обычный файл
d	Директория
l	Ссылка
c	Специальный файл
s	Сокет
p	Именованный канал
b	Блочное устройство
",Table,"Какое обозначение используется для файла, представляющего собой двоичное устройство хранения данных?


",b
tech,linux,https://losst.pro/wp-content/uploads/2016/08/younglinux.info-Introduction-to-Linux-A-Hands-on-Guide-Vvedenie-v-Linux-Rukovodstvo-po-rabote.pdf,"Таблица 3.2. Подкаталоги корневого каталога

Директория	Содержимое
/bin	Общие программы для совместного использования системой, системным администратором и пользователями.
/boot	Загрузочные файлы и ядро, vmlinuz. В некоторых дистрибутивах также данные grub – загрузчика.
/dev	Содержит ссылки на все периферийные устройства, представленные файлами с особыми свойствами.
/etc	Большинство важных системных файлов конфигурации, аналогично Панели Управления Windows.
/home	Домашние каталоги обычных пользователей.
/initrd	Информация для загрузки (в некоторых дистрибутивах). Не удаляйте!
/lib	Файлы библиотек, необходимые системе и пользователям.
/lost+found	Файлы, спасенные во время сбоев (присутствует в каждом разделе).
/misc	Для разных целей.
/mnt	Стандартные точки монтирования для внешних файловых систем.
/net	Стандартные точки монтирования для удаленных файловых систем.
/opt	Дополнительное ПО и ПО третьих сторон.
/proc	Виртуальная файловая система, содержащая информацию о системных ресурсах.
/root	Домашняя директория администратора (не путать с корневым каталогом /).
/sbin	Программы для использования системой и системным администратором.
/tmp	Временное место, очищаемое после перезагрузки.
/usr	Программы, библиотеки, документация для всех пользовательских программ.
/var	Изменяемые и временные файлы (логи, почтовые очереди, print spooler и др.).
",Table,"Какая директория предназначена для хранения системных конфигурационных файлов, и чем она аналогична в Windows?

","Директория /etc содержит большинство важных системных файлов конфигурации, аналогично Панели Управления Windows."
tech,linux,https://losst.pro/wp-content/uploads/2016/08/younglinux.info-Introduction-to-Linux-A-Hands-on-Guide-Vvedenie-v-Linux-Rukovodstvo-po-rabote.pdf,"Таблица 3.2. Подкаталоги корневого каталога

Директория	Содержимое
/bin	Общие программы для совместного использования системой, системным администратором и пользователями.
/boot	Загрузочные файлы и ядро, vmlinuz. В некоторых дистрибутивах также данные grub – загрузчика.
/dev	Содержит ссылки на все периферийные устройства, представленные файлами с особыми свойствами.
/etc	Большинство важных системных файлов конфигурации, аналогично Панели Управления Windows.
/home	Домашние каталоги обычных пользователей.
/initrd	Информация для загрузки (в некоторых дистрибутивах). Не удаляйте!
/lib	Файлы библиотек, необходимые системе и пользователям.
/lost+found	Файлы, спасенные во время сбоев (присутствует в каждом разделе).
/misc	Для разных целей.
/mnt	Стандартные точки монтирования для внешних файловых систем.
/net	Стандартные точки монтирования для удаленных файловых систем.
/opt	Дополнительное ПО и ПО третьих сторон.
/proc	Виртуальная файловая система, содержащая информацию о системных ресурсах.
/root	Домашняя директория администратора (не путать с корневым каталогом /).
/sbin	Программы для использования системой и системным администратором.
/tmp	Временное место, очищаемое после перезагрузки.
/usr	Программы, библиотеки, документация для всех пользовательских программ.
/var	Изменяемые и временные файлы (логи, почтовые очереди, print spooler и др.).
",Table,"Где хранятся файлы, которые могли быть восстановлены после сбоев?



","В директории /lost+found, которая присутствует в верхней директории каждого раздела.







"
tech,linux,https://losst.pro/wp-content/uploads/2016/08/younglinux.info-Introduction-to-Linux-A-Hands-on-Guide-Vvedenie-v-Linux-Rukovodstvo-po-rabote.pdf,"Таблица 3.6. Схема суффиксов по умолчанию для команды ls

Символ        Тип файла
(ничего)        Обычный файл
/        Каталог
*        Исполняемый файл
@        Ссылка
=        Сокет
|        Именованный канал",Table,"Какой символ используется для обозначения исполняемых файлов для команды ls?



",*
tech,linux,https://losst.pro/wp-content/uploads/2016/08/younglinux.info-Introduction-to-Linux-A-Hands-on-Guide-Vvedenie-v-Linux-Rukovodstvo-po-rabote.pdf,"Таблица 3.6. Схема суффиксов по умолчанию для команды ls

Символ        Тип файла
(ничего)        Обычный файл
/        Каталог
*        Исполняемый файл
@        Ссылка
=        Сокет
|        Именованный канал",Table,"Что обозначает символ = при выводе информации для команды ls?



",Сокет
tech,linux,https://losst.pro/wp-content/uploads/2016/08/younglinux.info-Introduction-to-Linux-A-Hands-on-Guide-Vvedenie-v-Linux-Rukovodstvo-po-rabote.pdf,"Таблица 3.9. Защита файлов с помощью chmod

Код        Значение
chmod 400        Защита файла от случайной перезаписи (file)
chmod 500        Чтобы защитить себя от случайного удаления, переименования или перемещения файлов из этой директории (directory)
chmod 600        Личный файл, изменяемый только пользователем, который ввел эту команду (file)
chmod 644        Всеми читаемый файл, который может быть изменен только пользователем-владельцем (file)
chmod 660        Пользователи, принадлежащие вашей группе, могут изменить этот файл, другие не имеют никакого отношения к нему вообще (file)
chmod 700        Защищает файл от любого доступа посторонних, в то же время пользователь-владелец имеет полный контроль (file)
chmod 755        Для файлов, которые должны быть читаемыми и исполняемыми всеми, но изменяемые только пользователем-владельцем (directory)
chmod 775        Стандартный режим совместного использования файла группой (file)
chmod 777        Каждый может делать с этим файлом все, что хочет (file)",Table,"Какой код chmod следует использовать, если необходимо запретить всем пользователям, кроме владельца, изменять файл, но при этом разрешить его чтение?




",chmod 644
tech,linux,https://losst.pro/wp-content/uploads/2016/08/younglinux.info-Introduction-to-Linux-A-Hands-on-Guide-Vvedenie-v-Linux-Rukovodstvo-po-rabote.pdf,"Таблица 3.9. Защита файлов с помощью chmod

Код        Значение
chmod 400        Защита файла от случайной перезаписи (file)
chmod 500        Чтобы защитить себя от случайного удаления, переименования или перемещения файлов из этой директории (directory)
chmod 600        Личный файл, изменяемый только пользователем, который ввел эту команду (file)
chmod 644        Всеми читаемый файл, который может быть изменен только пользователем-владельцем (file)
chmod 660        Пользователи, принадлежащие вашей группе, могут изменить этот файл, другие не имеют никакого отношения к нему вообще (file)
chmod 700        Защищает файл от любого доступа посторонних, в то же время пользователь-владелец имеет полный контроль (file)
chmod 755        Для файлов, которые должны быть читаемыми и исполняемыми всеми, но изменяемые только пользователем-владельцем (directory)
chmod 775        Стандартный режим совместного использования файла группой (file)
chmod 777        Каждый может делать с этим файлом все, что хочет (file)",Table,"Какой код chmod нужно применить к директории, чтобы все пользователи могли в ней читать и выполнять файлы, но только владелец мог их изменять?




",chmod 755
tech,linux,https://losst.pro/wp-content/uploads/2016/08/younglinux.info-Introduction-to-Linux-A-Hands-on-Guide-Vvedenie-v-Linux-Rukovodstvo-po-rabote.pdf,"Таблица 4.1. Управление процессами

Команда	Значение
regular_command	Запуск данной команды на переднем плане.
command &	Запуск команды в фоновом режиме (в версии терминала).
jobs	Показывает команды, запущенные в фоновом режиме.
Ctrl+Z	Приостановить (остановить, но не выйти) процесс, выполняемый на переднем плане (засыпание).
Ctrl+C	Прервать (прекратить и выйти) процесс, выполняемый на переднем плане.
%n	Каждый процесс, выполняемый в фоновом режиме, получает присвоенный ему номер. Используя выражение %, указание может быть отнесено к процессу путем использования его номера, например, fg %2.
bg	Возобновить приостановленную программу в фоновом режиме.
fg	Поместить фоновое задание на передний план.
kill	Завершение процесса (см. также Shell Builtin Commands на info-страницах bash).",Table,"Какая команда используется для возобновления приостановленного процесса в фоновом режиме?

","bg

"
tech,linux,https://losst.pro/wp-content/uploads/2016/08/younglinux.info-Introduction-to-Linux-A-Hands-on-Guide-Vvedenie-v-Linux-Rukovodstvo-po-rabote.pdf,"Таблица 4.1. Управление процессами

Команда	Значение
regular_command	Запуск данной команды на переднем плане.
command &	Запуск команды в фоновом режиме (в версии терминала).
jobs	Показывает команды, запущенные в фоновом режиме.
Ctrl+Z	Приостановить (остановить, но не выйти) процесс, выполняемый на переднем плане (засыпание).
Ctrl+C	Прервать (прекратить и выйти) процесс, выполняемый на переднем плане.
%n	Каждый процесс, выполняемый в фоновом режиме, получает присвоенный ему номер. Используя выражение %, указание может быть отнесено к процессу путем использования его номера, например, fg %2.
bg	Возобновить приостановленную программу в фоновом режиме.
fg	Поместить фоновое задание на передний план.
kill	Завершение процесса (см. также Shell Builtin Commands на info-страницах bash).",Table,"Какой способ позволяет вывести процесс из фонового режима на передний план?





","fg







"
tech,linux,https://losst.pro/wp-content/uploads/2016/08/younglinux.info-Introduction-to-Linux-A-Hands-on-Guide-Vvedenie-v-Linux-Rukovodstvo-po-rabote.pdf,,No info,"Как реализуется контейнеризация в Linux с использованием Podman?
",В документах нет информации для ответа на этот вопрос.
tech,linux,https://losst.pro/wp-content/uploads/2016/08/younglinux.info-Introduction-to-Linux-A-Hands-on-Guide-Vvedenie-v-Linux-Rukovodstvo-po-rabote.pdf,,No info,"Как работает система управления пакетами Nix и чем она отличается от APT и RPM?
",В документах нет информации для ответа на этот вопрос.
tech,linux,https://losst.pro/wp-content/uploads/2016/08/younglinux.info-Introduction-to-Linux-A-Hands-on-Guide-Vvedenie-v-Linux-Rukovodstvo-po-rabote.pdf,,No info,"Какие существуют основные уязвимости ядра Linux за последние 5 лет?
",В документах нет информации для ответа на этот вопрос.
tech,linux,https://losst.pro/wp-content/uploads/2016/08/younglinux.info-Introduction-to-Linux-A-Hands-on-Guide-Vvedenie-v-Linux-Rukovodstvo-po-rabote.pdf,,No info,"Как работает механизм Control Groups (cgroups) в Linux и как его использовать?
",В документах нет информации для ответа на этот вопрос.
tech,linux,https://losst.pro/wp-content/uploads/2016/08/younglinux.info-Introduction-to-Linux-A-Hands-on-Guide-Vvedenie-v-Linux-Rukovodstvo-po-rabote.pdf,,No info,"Как настроить балансировку нагрузки в Linux с использованием IPVS или HAProxy?
",В документах нет информации для ответа на этот вопрос.
tech,linux,https://losst.pro/wp-content/uploads/2016/08/younglinux.info-Introduction-to-Linux-A-Hands-on-Guide-Vvedenie-v-Linux-Rukovodstvo-po-rabote.pdf,,No info,"Как можно реализовать sandboxing приложений в Linux без использования контейнеров?
",В документах нет информации для ответа на этот вопрос.
tech,linux,https://losst.pro/wp-content/uploads/2016/08/younglinux.info-Introduction-to-Linux-A-Hands-on-Guide-Vvedenie-v-Linux-Rukovodstvo-po-rabote.pdf,"Удаление файлов
Используйте команду rm для удаления отдельных файлов, rmdir для удаления пустых каталогов.
(Используйте ls -a для проверки пуст каталог или нет). Команда rm также имеет опции для удаления
непустых каталогов со всеми их подкаталогами, но об этих опасных опциях читайте, пожалуй, info-страницы.

Команды для создания ссылок является ln. Для того чтобы создать символические ссылки, следует
использовать опцию -s",Multi block,"Как проверить, пуст ли каталог, и если да, то удалить его, а затем создать символическую ссылку на другой файл?
","Используйте команду ls -a, чтобы проверить, пуст ли каталог. Если он пуст, удалите его командой rmdir, а затем создайте символическую ссылку на другой файл с помощью команды ln -s."
tech,linux,https://losst.pro/wp-content/uploads/2016/08/younglinux.info-Introduction-to-Linux-A-Hands-on-Guide-Vvedenie-v-Linux-Rukovodstvo-po-rabote.pdf,"Команды для создания ссылок является ln. Для того чтобы создать символические ссылки, следует использовать опцию -s

Большинство файлов просто файлы, называемые обычными файлами; они содержат обычные данные, например, текстовые файлы, исполняемые файлы (или программы), файлы ввода или вывода программ и т.д.
Хотя предположение, что все что вы обнаружите в системе Linux представляет собой файл достаточно верное, есть некоторые особенности.

Каталоги: файлы, которые представляют собой списки других файлов.
Специальные файлы: механизм использования ввода-вывода. Большинство специальных файлов находятся в /dev, мы их обсудим позже.
Ссылки: механизм обеспечения видимости файла или каталога во множестве частей файлового дерева системы. Мы в деталях поговорим о ссылках.
(Домены) сокеты: особый тип файла, подобный сокетам TCP/IP, обеспечивающий взаимодействие в сети процессов, защищенных контролем файловой системы на доступ.
Именованные каналы: действуют более или менее похоже на сокеты и обеспечивают способ коммуникации между процессами без использования правил поведения сетевых сокетов.
Опция -l команды ls отображает тип файла, на что указывает первый символ в каждой выводимой строке.
",Multi block,Как создать символическую ссылку и какие типы файлов могут быть представлены в файловой системе Linux?,"Для создания символической ссылки используется команда ln с опцией -s. В файловой системе Linux могут быть представлены обычные файлы, каталоги, специальные файлы, ссылки, сокеты и именованные каналы."
tech,linux,https://losst.pro/wp-content/uploads/2016/08/younglinux.info-Introduction-to-Linux-A-Hands-on-Guide-Vvedenie-v-Linux-Rukovodstvo-po-rabote.pdf,"Например, если вы хотите перейти в каталог directory_with_a_very_long_name, вы не собираетесь набирать такое очень длинное имя, нет. Просто наберите в командной строке cd dir, а затем нажмите Tab и оболочки завершит имя за вас, если нет других файлов, начинающихся с тех же трех символов. Конечно, если нет других элементов, начинающихся с ""d"", то вы, также можете просто ввести cd d и нажать Tab. Если более чем один файл начинается с тех же символов, оболочка просигнализирует вам об этом, после чего вы можете нажать клавишу Tab дважды через короткий промежуток времени, и shell представит варианты, которые у вас есть.

Опция -l команды ls отображает тип файла, на что указывает первый символ в каждой выводимой строке.",Multi block,"Как можно быстро перейти в каталог с длинным именем, и как узнать тип файла с помощью команды ls?
","Для быстрого перехода в каталог с длинным именем используйте автодополнение, набрав первые символы имени и нажав Tab. Тип файла можно узнать с помощью команды ls -l, где первый символ в строке указывает на тип файла."
tech,linux,https://losst.pro/wp-content/uploads/2016/08/younglinux.info-Introduction-to-Linux-A-Hands-on-Guide-Vvedenie-v-Linux-Rukovodstvo-po-rabote.pdf,"Запуск процесса в фоновом режиме, имеет смысл только для программ, которые не нуждаются в пользовательском контроле (через shell). Перевод задания в фоновый режим делается, как правило, когда для его выполнения, как ожидается, потребует длительного времени. Для того, чтобы освободить выдачу терминала после ввода команды, добавляется завершающий амперсанд.

Подробное описание функции контроля заданий есть в info-страницах bash, так что здесь перечислены
только наиболее часто используемые способы управления заданиями:
Таблица 4.1. Управление процессами
Команды (часть
из
существующих)
Значение
regular_command Запуск данной команды на переднем плане.
command & Запуск команды в фоновом режиме (в версии терминала).
jobs Показывает команды запущенные в фоновом режиме.",Multi block,"Какой командой можно запустить процесс в фоновом режиме, и как узнать, какие процессы уже запущены в фоновом режиме?
","Процесс можно запустить в фоновом режиме, добавив амперсанд (&) в конце команды. Чтобы узнать, какие процессы уже запущены в фоновом режиме, используйте команду jobs.

"
tech,linux,https://losst.pro/wp-content/uploads/2016/08/younglinux.info-Introduction-to-Linux-A-Hands-on-Guide-Vvedenie-v-Linux-Rukovodstvo-po-rabote.pdf,"Создание копии на CD
На некоторых системах пользователи могут использовать записывающие CD-устройства. Сначала ваши
данные должны быть отформатированы. Используйте команду mkisofs, чтобы сделать это в каталоге,
содержащем файлы, для которых вы хотите сделать резервную копию. Проверьте командой df, что на диске
достаточно свободное места, так как новый файл будет примерно такого же размера, как вся текущая
директория:
[rose@blob recordables] df -h .
Filesystem Size Used Avail Use% Mounted on
/dev/hde5 19G 15G 3.2G 82% /home
[rose@blob recordables] du -h -s .
325M .
[rose@blob recordables] mkisofs -J -r -o cd.iso .

После этого, компакт-диск можно создать с помощью инструмента cdrecord с соответствующими опциями:
[rose@blob recordables] cdrecord -dev 0,0,0 -speed=8 cd.iso
Cdrecord 1.10 (i686-pc-linux-gnu) (C) 1995-2001 Joerg Schilling
scsidev: '0,0,0'
scsibus: 0 target: 0 lun: 0
Linux sg driver version: 3.1.20
Using libscg version 'schily-0.5'
Device type : Removable CD-ROM
Version : 0
Response Format: 1
Vendor_info : 'HP '
Identification : 'CD-Writer+ 8100 '
Revision : '1.0g'
Device seems to be: Generic mmc CD-RW.
Using generic SCSI-3/mmc CD-R driver (mmc_cdr).
Driver flags : SWABAUDIO
Starting to write CD/DVD at speed 4 in write mode for single session.
Last chance to quit, starting real write in 0 seconds.
Operation starts.",Multi block," Как можно создать резервную копию данных на CD с помощью команды mkisofs, а затем записать её на диск с помощью cdrecord, и как проверить, что запись прошла успешно?","Для создания резервной копии данных на CD сначала нужно создать образ диска с помощью команды mkisofs -J -r -o backup.iso /path/to/data, где -J и -r используются для совместимости с различными системами. Затем образ записывается на CD с помощью команды cdrecord -dev 0,0,0 -speed=8 backup.iso. Чтобы проверить, что запись прошла успешно, можно использовать команду cdrecord -scanbus для проверки устройства записи и убедиться, что данные были записаны без ошибок."
tech,linux,https://losst.pro/wp-content/uploads/2016/08/younglinux.info-Introduction-to-Linux-A-Hands-on-Guide-Vvedenie-v-Linux-Rukovodstvo-po-rabote.pdf,"Для тех форматов файлов, которым необходимо форматирование, Linux поставляется с большим
количеством соответствующих инструментов, таких как команды pdf2ps, fax2ps и a2ps, которые
преобразуют другие форматов в PostScript.

В большинстве случаев, сначала принято собирать все данные для резервного копирования в один
архивный файл, который затем сжимают. Сам процесс архивирования представляет собой объединение
всех перечисленных файлов и устранение бесполезных пустот. В Linux для этого часто используют команду
tar. Эта команда была первоначально создана для архивирования данных на ленты, но она также может
создавать архивы, известные как тарболы (tarballs).
У tar есть множество опций, наиболее важные из них приведены ниже:
-v: подробный вывод
-t: тест, показывающий содержимое архива
-x: извлечение архива
-c: создание архива
-f archivedevice: использование archivedevice в качестве источника/назначения для архива, устройство по
умолчанию — первый накопитель на магнитной ленте (обычно /dev/st0 или что-то подобное)
",Double ,"Какие инструменты используются для форматирования файлов перед печатью в Linux, и как можно создать резервную копию данных с помощью команды tar?","Для форматирования файлов перед печатью используются инструменты командной строки, такие как pdf2ps, fax2ps и a2ps, которые преобразуют файлы в PostScript. Для создания резервной копии данных с помощью команды tar можно использовать команду tar cvf archive_name directory_name, где -c указывает на создание архива, -v — на подробный вывод, а -f — на имя архива."
tech,linux,https://losst.pro/wp-content/uploads/2016/08/younglinux.info-Introduction-to-Linux-A-Hands-on-Guide-Vvedenie-v-Linux-Rukovodstvo-po-rabote.pdf,"Если в качестве аргумента chmod вы вводите число, состоящее менее чем из трех цифр, опущенные
символы заменяются на нули, начиная слева. В системах Linux на самом деле существует четвертая цифра,
которая предшествует первому из трех и устанавливает специальные режимы доступа. Все об этом и
многом другом находится в info-страницах.

Если в вашей системе установлены утилиты chkconfig или update-rc.d, то они обеспечат простой
инструмент командной строки для поддержания иерархии каталога /etc/init.d. Это освобождает системных
администраторов от необходимости напрямую управлять многочисленные символическими ссылками в
каталогах в /etc/rc[x].d.
Кроме того, некоторые системы предлагают инструмент ntsysv, который предоставляет текстовый
интерфейс; вы можете сочти его легче в использовании, чем интерфейс командной строки chkconfig. В
SuSE Linux, вы обнаружите инструменты yast и insserv. В Mandriva есть Mandriva Linux Control Center (Центр
управления Mandriva Linux).
Большинство дистрибутивов обеспечивают графический пользовательский интерфейс для настройки
процессов; обратитесь к вашей системной документации.
Все эти утилиты должны быть запущен под root. Системный администратор также может вручную создать
соответствующие ссылки в каждом каталоге режима выполнения для того, чтобы запустить или остановить
службы определенного режима.",Multi block ,"Как работает команда chmod при вводе числового аргумента, и какие утилиты помогают управлять символическими ссылками в каталогах /etc/rc[x].d?","Если в chmod ввести число менее трех цифр, недостающие символы заменяются нулями слева. Для управления символическими ссылками в /etc/rc[x].d используются утилиты chkconfig, update-rc.d, ntsysv, yast, insserv или Mandriva Linux Control Center."
tech,linux,https://losst.pro/wp-content/uploads/2016/08/younglinux.info-Introduction-to-Linux-A-Hands-on-Guide-Vvedenie-v-Linux-Rukovodstvo-po-rabote.pdf,"Вообще считается плохой идеей ""графический"" вход в систему под именем root, т.е. учетной записью администратора системы, т. к. использование графики приводит к запуску множества дополнительных программ, и в случае root'а с большим количеством дополнительных разрешений.

Большинство команд GNU поддерживают --help, которая выдает краткое пояснение того, как использовать команду, и список доступных опций.",Double ,"Почему не рекомендуется использовать графический вход в систему под учетной записью root, и какую команду можно использовать для получения справки по командам GNU?","Графический вход под root не рекомендуется, так как это запускает множество программ с повышенными привилегиями, что увеличивает риски безопасности. Для получения справки по командам GNU используйте опцию --help."
tech,linux,https://losst.pro/wp-content/uploads/2016/08/younglinux.info-Introduction-to-Linux-A-Hands-on-Guide-Vvedenie-v-Linux-Rukovodstvo-po-rabote.pdf," Проект GNU предоставляет также jar для создания Java-архивов. Это приложение Java, которая объединяе несколько файлов в один архивный файл JAR.

В отличие от tar, jar сжимает по умолчанию, независимо от других инструментов - потому что это в основном
java-версия zip. Кроме того, jar позволяет на отдельные записи в архиве ставить подпись автора, что дает
возможность проверять происхождение.
Синтаксис практически идентичен команде tar. Чтобы найти различия обратитесь к info-страницам jar",Double ,"Какой инструмент используется для создания Java-архивов, и чем он отличается от tar?","Для создания Java-архивов используется инструмент jar. В отличие от tar, jar сжимает файлы по умолчанию и поддерживает подпись отдельных записей."
tech,linux,https://losst.pro/wp-content/uploads/2016/08/younglinux.info-Introduction-to-Linux-A-Hands-on-Guide-Vvedenie-v-Linux-Rukovodstvo-po-rabote.pdf,"mv oldfile newfile Переименовывает или перемещает oldfile

Программа top дает более точный обзор путем обновления результатов, определенных ps (с множеством опций), один раз в 5 секунд, создавая новый список процессов, что периодически вызывает большие нагрузки, поэтому используется подключение дополнительной информации о файле подкачки и состоянии процессора; из файла proc системы:
",Double ,"Какой командой можно переместить файл или каталог, и какую команду можно использовать для просмотра загруженности системы?",Для перемещения файла или каталога используется команда mv. Для просмотра загруженности системы используется команда top.
tech,linux,https://losst.pro/wp-content/uploads/2016/08/younglinux.info-Introduction-to-Linux-A-Hands-on-Guide-Vvedenie-v-Linux-Rukovodstvo-po-rabote.pdf,"Для перенаправления почты используйте файл .forward в вашем домашнем каталоге. Почтовый сервис Linux ищет именно этот файл для локальной доставки. Содержание файла определяет то, что почтовая система должна делать с вашей почтой.

Вы можете запустить ntpdate вручную, чтобы установить время, при условии, что можете подсоединиться к серверу времени. Демон ntpd не должен быть запущен, когда вы устанавливаете время с использованием ntpdate.",Double ,"Как можно перенаправить почту в Linux, и какую команду можно использовать для установки системного времени вручную?","Для перенаправления почты используется файл .forward в домашнем каталоге, а для установки системного времени вручную можно использовать команду ntpdate."
tech,linux,https://losst.pro/wp-content/uploads/2016/08/younglinux.info-Introduction-to-Linux-A-Hands-on-Guide-Vvedenie-v-Linux-Rukovodstvo-po-rabote.pdf,"Если вы предпочитаете получать сообщения от системы на голландском или французском языке, то можете установить переменные окружения LANG и LANGUAGE.

Может пригодиться утилита recode для конвертирования файлов из одного ряда символов в другой.",Double ,"Как можно использовать переменные окружения для настройки языка системы, и какую команду можно использовать для конвертации файлов в другую кодировку?
",Для настройки языка системы используются переменные окружения LANG и LANGUAGE. Для конвертации файлов в другую кодировку используется команда recode.
tech,linux,https://losst.pro/wp-content/uploads/2016/08/younglinux.info-Introduction-to-Linux-A-Hands-on-Guide-Vvedenie-v-Linux-Rukovodstvo-po-rabote.pdf,"
Copy
Таблица 8.1. Новые команды в главе 8: Печать
Команда Значение
lpr или lp Печать файла
lpq или lpstat Запрос очереди печати
lprm или cancel Удаление задания на печать

Шифрование данных
Теперь вы можете шифровать архивы .tar или сжатые архивы, перед сохранением их на резервном
носителе или транспортировке на сервер, предназначенный для бэкапов. Используйте команду gpg вот так:
gpg -e -r (part of) uid archive",Double ,"Какие команды используются для печати и удаления заданий на печать в Linux, и как можно зашифровать данные перед их резервным копированием?","Для печати файла используется команда lpr или lp, а для удаления задания на печать — lprm или cancel. Чтобы зашифровать данные перед резервным копированием, можно использовать команду gpg -e -r (part of) uid archive, где -e указывает на шифрование, а -r определяет получателя."
tech,linux,https://losst.pro/wp-content/uploads/2016/08/younglinux.info-Introduction-to-Linux-A-Hands-on-Guide-Vvedenie-v-Linux-Rukovodstvo-po-rabote.pdf,"Файлы, которые перемещаются в SGID-каталог, но были созданы в других местах, сохраняют их первоначальные пользователя-владельца и группу. Это может привести к путанице.",Logical thinking,"Если пользователь создает файл в каталоге с установленным SGID-битом, но при этом файл перемещается из другого каталога, сохранит ли он группу-владельца исходного каталога или получит группу-владельца нового каталога?","Файл сохранит группу-владельца исходного каталога, а не получит группу-владельца нового каталога с SGID-битом."
tech,linux,https://losst.pro/wp-content/uploads/2016/08/younglinux.info-Introduction-to-Linux-A-Hands-on-Guide-Vvedenie-v-Linux-Rukovodstvo-po-rabote.pdf,"Обратите внимание, что удаление целевого файла для символьной ссылки делает ссылку бесполезной.",Logical thinking,"Что произойдет, если пользователь удалит целевой файл, на который указывает символическая ссылка?","Символическая ссылка станет бесполезной, так как она больше не будет указывать на существующий файл."
tech,linux,https://losst.pro/wp-content/uploads/2016/08/younglinux.info-Introduction-to-Linux-A-Hands-on-Guide-Vvedenie-v-Linux-Rukovodstvo-po-rabote.pdf,"Команда chmod может быть использована для изменения прав доступа к файлу, но система проверит, имеет ли пользователь достаточно прав на файл(ы), чтобы изменять владельцев.",Logical thinking,"Может ли пользователь изменить права доступа к файлу, если он не является его владельцем?","Нет, пользователь не может изменить права доступа к файлу, если он не является его владельцем или не имеет соответствующих прав."
tech,linux,https://losst.pro/wp-content/uploads/2016/08/younglinux.info-Introduction-to-Linux-A-Hands-on-Guide-Vvedenie-v-Linux-Rukovodstvo-po-rabote.pdf,"SGID (установка ID группы) на каталог: в этом конкретном случае все файлы, созданные в данном каталоге, будут иметь ту же группу-владельца, что и сам каталог.",Logical thinking,"Что произойдет, если пользователь создаст файл в каталоге с установленным SGID-битом?","Файл, созданный в таком каталоге, будет принадлежать группе, которая является владельцем каталога, а не группе пользователя, создавшего файл."
tech,linux,https://losst.pro/wp-content/uploads/2016/08/younglinux.info-Introduction-to-Linux-A-Hands-on-Guide-Vvedenie-v-Linux-Rukovodstvo-po-rabote.pdf,"Современные системы Linux поддерживают прямую печать, без форматирования пользователем целого ряда типов файлов: текст, PDF, PostScript и несколько графических форматов, таких как PNG, JPEG, BMP и GIF.",Logical thinking,"Если пользователь хочет распечатать файл в формате PNG на Linux, нужно ли ему предварительно форматировать файл перед печатью?","Нет, файл в формате PNG не требует предварительного форматирования перед печатью на Linux, так как система поддерживает прямую печать для этого формата.

"
tech,linux,https://losst.pro/wp-content/uploads/2016/08/younglinux.info-Introduction-to-Linux-A-Hands-on-Guide-Vvedenie-v-Linux-Rukovodstvo-po-rabote.pdf,"Значение umask вычитается из разрешений по умолчанию для новых файлов и каталогов. Например, для файла по умолчанию разрешения 666 (rw-rw-rw-), а для каталога 777 (rwxrwxrwx).",Logical thinking,"Если пользователь хочет, чтобы все файлы, создаваемые в его домашнем каталоге, по умолчанию были доступны только ему, какую маску (umask) он должен установить?","Пользователь должен установить маску 077 (или 0077), чтобы новые файлы имели права доступа 600 (rw-------), а каталоги — 700 (rwx------). Это обеспечит, что только владелец сможет читать, записывать и выполнять файлы, а другие пользователи не будут иметь доступа"